product_id,recorded_at,is_on_sale,price,store_id
db7d9c14-88da-424b-b8d8-256cf6a74a51,2026-03-30 21:06:14.394+0000,False,13.9700000000000006394884621840901672840118408203125,e4d60c4b-1234-5678-9012-f4d60c4b3333
db7d9c14-88da-424b-b8d8-256cf6a74a51,2026-03-31 21:06:14.394+0000,False,14.269999999999999573674358543939888477325439453125,e4d60c4b-1234-5678-9012-f4d60c4b3333
db7d9c14-88da-424b-b8d8-256cf6a74a51,2026-04-01 21:06:14.394+0000,False,13.9000000000000003552713678800500929355621337890625,e4d60c4b-1234-5678-9012-f4d60c4b3333
db7d9c14-88da-424b-b8d8-256cf6a74a51,2026-04-02 21:06:14.393+0000,False,14.6500000000000003552713678800500929355621337890625,e4d60c4b-1234-5678-9012-f4d60c4b3333
db7d9c14-88da-424b-b8d8-256cf6a74a51,2026-04-03 21:06:14.393+0000,False,13.8300000000000000710542735760100185871124267578125,e4d60c4b-1234-5678-9012-f4d60c4b3333
db7d9c14-88da-424b-b8d8-256cf6a74a51,2026-04-04 21:06:14.392+0000,False,14.07000000000000028421709430404007434844970703125,e4d60c4b-1234-5678-9012-f4d60c4b3333
c1536af6-c587-44cd-8d70-111d42b41ee5,2026-03-31 21:06:14.237+0000,True,3.2400000000000002131628207280300557613372802734375,e4d60c4b-1234-5678-9012-f4d60c4b3333
c1536af6-c587-44cd-8d70-111d42b41ee5,2026-04-01 21:06:14.237+0000,True,3.520000000000000017763568394002504646778106689453125,e4d60c4b-1234-5678-9012-f4d60c4b3333
c1536af6-c587-44cd-8d70-111d42b41ee5,2026-04-02 21:06:14.236+0000,True,3.54000000000000003552713678800500929355621337890625,e4d60c4b-1234-5678-9012-f4d60c4b3333
c1536af6-c587-44cd-8d70-111d42b41ee5,2026-04-03 21:06:14.236+0000,True,3.319999999999999840127884453977458178997039794921875,e4d60c4b-1234-5678-9012-f4d60c4b3333
c1536af6-c587-44cd-8d70-111d42b41ee5,2026-04-04 21:06:14.236+0000,False,4.11000000000000031974423109204508364200592041015625,e4d60c4b-1234-5678-9012-f4d60c4b3333
7b9cb7b7-d248-4c80-9210-e8e99dcc080f,2026-03-29 21:06:14.505+0000,False,3.640000000000000124344978758017532527446746826171875,e4d60c4b-1234-5678-9012-f4d60c4b3333
7b9cb7b7-d248-4c80-9210-e8e99dcc080f,2026-03-30 21:06:14.505+0000,False,3.70000000000000017763568394002504646778106689453125,e4d60c4b-1234-5678-9012-f4d60c4b3333
7b9cb7b7-d248-4c80-9210-e8e99dcc080f,2026-03-31 21:06:14.505+0000,False,3.5099999999999997868371792719699442386627197265625,e4d60c4b-1234-5678-9012-f4d60c4b3333
7b9cb7b7-d248-4c80-9210-e8e99dcc080f,2026-04-01 21:06:14.505+0000,False,3.54999999999999982236431605997495353221893310546875,e4d60c4b-1234-5678-9012-f4d60c4b3333
7b9cb7b7-d248-4c80-9210-e8e99dcc080f,2026-04-02 21:06:14.505+0000,False,3.62000000000000010658141036401502788066864013671875,e4d60c4b-1234-5678-9012-f4d60c4b3333
7b9cb7b7-d248-4c80-9210-e8e99dcc080f,2026-04-03 21:06:14.505+0000,True,2.779999999999999804600747665972448885440826416015625,e4d60c4b-1234-5678-9012-f4d60c4b3333
7b9cb7b7-d248-4c80-9210-e8e99dcc080f,2026-04-04 21:06:14.505+0000,False,3.779999999999999804600747665972448885440826416015625,e4d60c4b-1234-5678-9012-f4d60c4b3333
a5a525a0-51a0-41ac-b6c5-718542366b8e,2026-03-30 21:06:14.142+0000,False,16.690000000000001278976924368180334568023681640625,e4d60c4b-1234-5678-9012-f4d60c4b3333
a5a525a0-51a0-41ac-b6c5-718542366b8e,2026-03-31 21:06:14.142+0000,False,15.9000000000000003552713678800500929355621337890625,e4d60c4b-1234-5678-9012-f4d60c4b3333
a5a525a0-51a0-41ac-b6c5-718542366b8e,2026-04-01 21:06:14.142+0000,False,16.690000000000001278976924368180334568023681640625,e4d60c4b-1234-5678-9012-f4d60c4b3333
a5a525a0-51a0-41ac-b6c5-718542366b8e,2026-04-02 21:06:14.141+0000,False,15.839999999999999857891452847979962825775146484375,e4d60c4b-1234-5678-9012-f4d60c4b3333
a5a525a0-51a0-41ac-b6c5-718542366b8e,2026-04-03 21:06:14.141+0000,False,15.6199999999999992184029906638897955417633056640625,e4d60c4b-1234-5678-9012-f4d60c4b3333
a5a525a0-51a0-41ac-b6c5-718542366b8e,2026-04-04 21:06:14.141+0000,False,16.379999999999999005240169935859739780426025390625,e4d60c4b-1234-5678-9012-f4d60c4b3333
640bf2b5-d762-4193-9938-5ce02e8f9e5d,2026-03-30 21:06:14.399+0000,True,5.62999999999999989341858963598497211933135986328125,e4d60c4b-1234-5678-9012-f4d60c4b3333
640bf2b5-d762-4193-9938-5ce02e8f9e5d,2026-03-31 21:06:14.398+0000,False,6.9000000000000003552713678800500929355621337890625,e4d60c4b-1234-5678-9012-f4d60c4b3333
640bf2b5-d762-4193-9938-5ce02e8f9e5d,2026-04-01 21:06:14.398+0000,False,7.089999999999999857891452847979962825775146484375,e4d60c4b-1234-5678-9012-f4d60c4b3333
640bf2b5-d762-4193-9938-5ce02e8f9e5d,2026-04-02 21:06:14.398+0000,True,5.660000000000000142108547152020037174224853515625,e4d60c4b-1234-5678-9012-f4d60c4b3333
640bf2b5-d762-4193-9938-5ce02e8f9e5d,2026-04-03 21:06:14.398+0000,False,7,e4d60c4b-1234-5678-9012-f4d60c4b3333
640bf2b5-d762-4193-9938-5ce02e8f9e5d,2026-04-04 21:06:14.398+0000,False,6.61000000000000031974423109204508364200592041015625,e4d60c4b-1234-5678-9012-f4d60c4b3333
242bd7ef-ef43-4c90-a9e4-7668bdd04aed,2026-03-29 21:06:14.133+0000,False,5.2599999999999997868371792719699442386627197265625,e4d60c4b-1234-5678-9012-f4d60c4b3333
242bd7ef-ef43-4c90-a9e4-7668bdd04aed,2026-03-30 21:06:14.133+0000,False,5,e4d60c4b-1234-5678-9012-f4d60c4b3333
242bd7ef-ef43-4c90-a9e4-7668bdd04aed,2026-03-31 21:06:14.133+0000,True,4.089999999999999857891452847979962825775146484375,e4d60c4b-1234-5678-9012-f4d60c4b3333
242bd7ef-ef43-4c90-a9e4-7668bdd04aed,2026-04-01 21:06:14.133+0000,True,4.46999999999999975131004248396493494510650634765625,e4d60c4b-1234-5678-9012-f4d60c4b3333
242bd7ef-ef43-4c90-a9e4-7668bdd04aed,2026-04-02 21:06:14.132+0000,False,4.9199999999999999289457264239899814128875732421875,e4d60c4b-1234-5678-9012-f4d60c4b3333
242bd7ef-ef43-4c90-a9e4-7668bdd04aed,2026-04-03 21:06:14.132+0000,True,4.160000000000000142108547152020037174224853515625,e4d60c4b-1234-5678-9012-f4d60c4b3333
242bd7ef-ef43-4c90-a9e4-7668bdd04aed,2026-04-04 21:06:14.132+0000,False,4.9000000000000003552713678800500929355621337890625,e4d60c4b-1234-5678-9012-f4d60c4b3333
9cadc915-4928-49c4-9caf-660af5ccf3d3,2026-03-29 21:06:14.561+0000,True,7.519999999999999573674358543939888477325439453125,e4d60c4b-1234-5678-9012-f4d60c4b3333
9cadc915-4928-49c4-9caf-660af5ccf3d3,2026-03-30 21:06:14.560+0000,False,9.3699999999999992184029906638897955417633056640625,e4d60c4b-1234-5678-9012-f4d60c4b3333
9cadc915-4928-49c4-9caf-660af5ccf3d3,2026-03-31 21:06:14.560+0000,False,9.8499999999999996447286321199499070644378662109375,e4d60c4b-1234-5678-9012-f4d60c4b3333
9cadc915-4928-49c4-9caf-660af5ccf3d3,2026-04-01 21:06:14.560+0000,False,9.78999999999999914734871708787977695465087890625,e4d60c4b-1234-5678-9012-f4d60c4b3333
9cadc915-4928-49c4-9caf-660af5ccf3d3,2026-04-02 21:06:14.560+0000,False,9.96000000000000085265128291212022304534912109375,e4d60c4b-1234-5678-9012-f4d60c4b3333
9cadc915-4928-49c4-9caf-660af5ccf3d3,2026-04-03 21:06:14.560+0000,False,10.0299999999999993605115378159098327159881591796875,e4d60c4b-1234-5678-9012-f4d60c4b3333
9cadc915-4928-49c4-9caf-660af5ccf3d3,2026-04-04 21:06:14.559+0000,False,10.0299999999999993605115378159098327159881591796875,e4d60c4b-1234-5678-9012-f4d60c4b3333
3b8e5d81-82c7-41a0-bd4b-c7cfb461f5c2,2026-03-29 21:06:14.251+0000,False,4.730000000000000426325641456060111522674560546875,e4d60c4b-1234-5678-9012-f4d60c4b3333
3b8e5d81-82c7-41a0-bd4b-c7cfb461f5c2,2026-03-30 21:06:14.251+0000,False,4.79999999999999982236431605997495353221893310546875,e4d60c4b-1234-5678-9012-f4d60c4b3333
3b8e5d81-82c7-41a0-bd4b-c7cfb461f5c2,2026-03-31 21:06:14.251+0000,True,3.79000000000000003552713678800500929355621337890625,e4d60c4b-1234-5678-9012-f4d60c4b3333
3b8e5d81-82c7-41a0-bd4b-c7cfb461f5c2,2026-04-01 21:06:14.250+0000,False,4.79000000000000003552713678800500929355621337890625,e4d60c4b-1234-5678-9012-f4d60c4b3333
3b8e5d81-82c7-41a0-bd4b-c7cfb461f5c2,2026-04-02 21:06:14.250+0000,False,4.5999999999999996447286321199499070644378662109375,e4d60c4b-1234-5678-9012-f4d60c4b3333
3b8e5d81-82c7-41a0-bd4b-c7cfb461f5c2,2026-04-03 21:06:14.250+0000,True,3.689999999999999946709294817992486059665679931640625,e4d60c4b-1234-5678-9012-f4d60c4b3333
3b8e5d81-82c7-41a0-bd4b-c7cfb461f5c2,2026-04-04 21:06:14.249+0000,True,3.54999999999999982236431605997495353221893310546875,e4d60c4b-1234-5678-9012-f4d60c4b3333
c8c7b360-738a-49a8-bc10-1b8bbcda85b5,2026-03-29 21:06:14.260+0000,True,14.9700000000000006394884621840901672840118408203125,e4d60c4b-1234-5678-9012-f4d60c4b3333
c8c7b360-738a-49a8-bc10-1b8bbcda85b5,2026-03-30 21:06:14.259+0000,False,19.530000000000001136868377216160297393798828125,e4d60c4b-1234-5678-9012-f4d60c4b3333
c8c7b360-738a-49a8-bc10-1b8bbcda85b5,2026-03-31 21:06:14.259+0000,False,17.980000000000000426325641456060111522674560546875,e4d60c4b-1234-5678-9012-f4d60c4b3333
c8c7b360-738a-49a8-bc10-1b8bbcda85b5,2026-04-01 21:06:14.259+0000,False,18.64999999999999857891452847979962825775146484375,e4d60c4b-1234-5678-9012-f4d60c4b3333
c8c7b360-738a-49a8-bc10-1b8bbcda85b5,2026-04-02 21:06:14.259+0000,False,18.8299999999999982946974341757595539093017578125,e4d60c4b-1234-5678-9012-f4d60c4b3333
c8c7b360-738a-49a8-bc10-1b8bbcda85b5,2026-04-03 21:06:14.258+0000,True,16.519999999999999573674358543939888477325439453125,e4d60c4b-1234-5678-9012-f4d60c4b3333
c8c7b360-738a-49a8-bc10-1b8bbcda85b5,2026-04-04 21:06:14.258+0000,False,19.160000000000000142108547152020037174224853515625,e4d60c4b-1234-5678-9012-f4d60c4b3333
eb242ce9-174f-40ea-b9b8-754757df882a,2026-03-30 21:06:14.496+0000,True,18.690000000000001278976924368180334568023681640625,e4d60c4b-1234-5678-9012-f4d60c4b3333
eb242ce9-174f-40ea-b9b8-754757df882a,2026-03-31 21:06:14.496+0000,True,17.6400000000000005684341886080801486968994140625,e4d60c4b-1234-5678-9012-f4d60c4b3333
eb242ce9-174f-40ea-b9b8-754757df882a,2026-04-01 21:06:14.496+0000,False,20.839999999999999857891452847979962825775146484375,e4d60c4b-1234-5678-9012-f4d60c4b3333
eb242ce9-174f-40ea-b9b8-754757df882a,2026-04-02 21:06:14.496+0000,True,17.57000000000000028421709430404007434844970703125,e4d60c4b-1234-5678-9012-f4d60c4b3333
eb242ce9-174f-40ea-b9b8-754757df882a,2026-04-03 21:06:14.495+0000,False,21.160000000000000142108547152020037174224853515625,e4d60c4b-1234-5678-9012-f4d60c4b3333
eb242ce9-174f-40ea-b9b8-754757df882a,2026-04-04 21:06:14.495+0000,False,22.1099999999999994315658113919198513031005859375,e4d60c4b-1234-5678-9012-f4d60c4b3333
6022de13-f5e9-44e9-bbec-b1c306d61fa2,2026-03-30 21:06:14.507+0000,False,22.6099999999999994315658113919198513031005859375,e4d60c4b-1234-5678-9012-f4d60c4b3333
6022de13-f5e9-44e9-bbec-b1c306d61fa2,2026-03-31 21:06:14.507+0000,False,23.519999999999999573674358543939888477325439453125,e4d60c4b-1234-5678-9012-f4d60c4b3333
6022de13-f5e9-44e9-bbec-b1c306d61fa2,2026-04-01 21:06:14.507+0000,False,23.32000000000000028421709430404007434844970703125,e4d60c4b-1234-5678-9012-f4d60c4b3333
6022de13-f5e9-44e9-bbec-b1c306d61fa2,2026-04-02 21:06:14.506+0000,False,22.809999999999998721023075631819665431976318359375,e4d60c4b-1234-5678-9012-f4d60c4b3333
6022de13-f5e9-44e9-bbec-b1c306d61fa2,2026-04-03 21:06:14.506+0000,True,20.3599999999999994315658113919198513031005859375,e4d60c4b-1234-5678-9012-f4d60c4b3333
6022de13-f5e9-44e9-bbec-b1c306d61fa2,2026-04-04 21:06:14.506+0000,False,22.059999999999998721023075631819665431976318359375,e4d60c4b-1234-5678-9012-f4d60c4b3333
dadd75dc-ecdb-4e8a-b1de-f2c9350df253,2026-03-31 21:06:14.310+0000,True,2.79000000000000003552713678800500929355621337890625,e4d60c4b-1234-5678-9012-f4d60c4b3333
dadd75dc-ecdb-4e8a-b1de-f2c9350df253,2026-04-01 21:06:14.260+0000,True,3.04000000000000003552713678800500929355621337890625,e4d60c4b-1234-5678-9012-f4d60c4b3333
dadd75dc-ecdb-4e8a-b1de-f2c9350df253,2026-04-02 21:06:14.260+0000,False,3.680000000000000159872115546022541821002960205078125,e4d60c4b-1234-5678-9012-f4d60c4b3333
dadd75dc-ecdb-4e8a-b1de-f2c9350df253,2026-04-03 21:06:14.260+0000,False,3.680000000000000159872115546022541821002960205078125,e4d60c4b-1234-5678-9012-f4d60c4b3333
dadd75dc-ecdb-4e8a-b1de-f2c9350df253,2026-04-04 21:06:14.260+0000,False,3.37000000000000010658141036401502788066864013671875,e4d60c4b-1234-5678-9012-f4d60c4b3333
fa190909-2859-4867-acf1-841ec9f6477d,2026-03-30 21:06:14.326+0000,False,11.519999999999999573674358543939888477325439453125,e4d60c4b-1234-5678-9012-f4d60c4b3333
fa190909-2859-4867-acf1-841ec9f6477d,2026-03-31 21:06:14.326+0000,True,9.3300000000000000710542735760100185871124267578125,e4d60c4b-1234-5678-9012-f4d60c4b3333
fa190909-2859-4867-acf1-841ec9f6477d,2026-04-01 21:06:14.326+0000,True,9.3300000000000000710542735760100185871124267578125,e4d60c4b-1234-5678-9012-f4d60c4b3333
fa190909-2859-4867-acf1-841ec9f6477d,2026-04-02 21:06:14.326+0000,True,9.5999999999999996447286321199499070644378662109375,e4d60c4b-1234-5678-9012-f4d60c4b3333
fa190909-2859-4867-acf1-841ec9f6477d,2026-04-03 21:06:14.326+0000,True,10.089999999999999857891452847979962825775146484375,e4d60c4b-1234-5678-9012-f4d60c4b3333
fa190909-2859-4867-acf1-841ec9f6477d,2026-04-04 21:06:14.325+0000,False,12.300000000000000710542735760100185871124267578125,e4d60c4b-1234-5678-9012-f4d60c4b3333
da1fb82b-1e29-4371-8f91-9c4776e72239,2026-03-29 21:06:14.139+0000,True,15.8300000000000000710542735760100185871124267578125,e4d60c4b-1234-5678-9012-f4d60c4b3333
da1fb82b-1e29-4371-8f91-9c4776e72239,2026-03-30 21:06:14.139+0000,False,17.75,e4d60c4b-1234-5678-9012-f4d60c4b3333
da1fb82b-1e29-4371-8f91-9c4776e72239,2026-03-31 21:06:14.139+0000,True,15.9199999999999999289457264239899814128875732421875,e4d60c4b-1234-5678-9012-f4d60c4b3333
da1fb82b-1e29-4371-8f91-9c4776e72239,2026-04-01 21:06:14.139+0000,False,18.120000000000000994759830064140260219573974609375,e4d60c4b-1234-5678-9012-f4d60c4b3333
da1fb82b-1e29-4371-8f91-9c4776e72239,2026-04-02 21:06:14.139+0000,False,18.3900000000000005684341886080801486968994140625,e4d60c4b-1234-5678-9012-f4d60c4b3333
da1fb82b-1e29-4371-8f91-9c4776e72239,2026-04-03 21:06:14.138+0000,False,18.239999999999998436805981327779591083526611328125,e4d60c4b-1234-5678-9012-f4d60c4b3333
da1fb82b-1e29-4371-8f91-9c4776e72239,2026-04-04 21:06:14.138+0000,False,17.969999999999998863131622783839702606201171875,e4d60c4b-1234-5678-9012-f4d60c4b3333
725ffd67-5c81-4bd4-8fef-6f569faa882a,2026-03-30 21:06:14.233+0000,False,16.739999999999998436805981327779591083526611328125,e4d60c4b-1234-5678-9012-f4d60c4b3333
725ffd67-5c81-4bd4-8fef-6f569faa882a,2026-03-31 21:06:14.233+0000,False,17.910000000000000142108547152020037174224853515625,e4d60c4b-1234-5678-9012-f4d60c4b3333
725ffd67-5c81-4bd4-8fef-6f569faa882a,2026-04-01 21:06:14.233+0000,False,17.10000000000000142108547152020037174224853515625,e4d60c4b-1234-5678-9012-f4d60c4b3333
725ffd67-5c81-4bd4-8fef-6f569faa882a,2026-04-02 21:06:14.232+0000,False,16.82000000000000028421709430404007434844970703125,e4d60c4b-1234-5678-9012-f4d60c4b3333
725ffd67-5c81-4bd4-8fef-6f569faa882a,2026-04-03 21:06:14.142+0000,False,18.03999999999999914734871708787977695465087890625,e4d60c4b-1234-5678-9012-f4d60c4b3333
725ffd67-5c81-4bd4-8fef-6f569faa882a,2026-04-04 21:06:14.142+0000,True,13.8900000000000005684341886080801486968994140625,e4d60c4b-1234-5678-9012-f4d60c4b3333
f2b15e8b-30c9-4fc4-b1da-af8b922ae42c,2026-03-29 21:06:14.499+0000,False,15.160000000000000142108547152020037174224853515625,e4d60c4b-1234-5678-9012-f4d60c4b3333
f2b15e8b-30c9-4fc4-b1da-af8b922ae42c,2026-03-30 21:06:14.499+0000,True,13.2400000000000002131628207280300557613372802734375,e4d60c4b-1234-5678-9012-f4d60c4b3333
f2b15e8b-30c9-4fc4-b1da-af8b922ae42c,2026-03-31 21:06:14.499+0000,False,15.410000000000000142108547152020037174224853515625,e4d60c4b-1234-5678-9012-f4d60c4b3333
f2b15e8b-30c9-4fc4-b1da-af8b922ae42c,2026-04-01 21:06:14.498+0000,False,15,e4d60c4b-1234-5678-9012-f4d60c4b3333
f2b15e8b-30c9-4fc4-b1da-af8b922ae42c,2026-04-02 21:06:14.498+0000,True,11.6699999999999999289457264239899814128875732421875,e4d60c4b-1234-5678-9012-f4d60c4b3333
f2b15e8b-30c9-4fc4-b1da-af8b922ae42c,2026-04-03 21:06:14.498+0000,False,15.4399999999999995026200849679298698902130126953125,e4d60c4b-1234-5678-9012-f4d60c4b3333
f2b15e8b-30c9-4fc4-b1da-af8b922ae42c,2026-04-04 21:06:14.498+0000,False,14.2599999999999997868371792719699442386627197265625,e4d60c4b-1234-5678-9012-f4d60c4b3333
e2e996e3-caae-4eb4-8e37-a2b6e2c57b68,2026-03-29 21:06:14.319+0000,False,6.86000000000000031974423109204508364200592041015625,e4d60c4b-1234-5678-9012-f4d60c4b3333
e2e996e3-caae-4eb4-8e37-a2b6e2c57b68,2026-03-30 21:06:14.319+0000,True,6.04000000000000003552713678800500929355621337890625,e4d60c4b-1234-5678-9012-f4d60c4b3333
e2e996e3-caae-4eb4-8e37-a2b6e2c57b68,2026-03-31 21:06:14.319+0000,False,6.9199999999999999289457264239899814128875732421875,e4d60c4b-1234-5678-9012-f4d60c4b3333
e2e996e3-caae-4eb4-8e37-a2b6e2c57b68,2026-04-01 21:06:14.319+0000,True,5.480000000000000426325641456060111522674560546875,e4d60c4b-1234-5678-9012-f4d60c4b3333
e2e996e3-caae-4eb4-8e37-a2b6e2c57b68,2026-04-02 21:06:14.318+0000,False,7.089999999999999857891452847979962825775146484375,e4d60c4b-1234-5678-9012-f4d60c4b3333
e2e996e3-caae-4eb4-8e37-a2b6e2c57b68,2026-04-03 21:06:14.318+0000,False,7.54000000000000003552713678800500929355621337890625,e4d60c4b-1234-5678-9012-f4d60c4b3333
e2e996e3-caae-4eb4-8e37-a2b6e2c57b68,2026-04-04 21:06:14.318+0000,True,5.45999999999999996447286321199499070644378662109375,e4d60c4b-1234-5678-9012-f4d60c4b3333
1909026d-d71a-4d55-9517-83d0d3a8655f,2026-03-29 21:06:14.565+0000,True,15.8699999999999992184029906638897955417633056640625,e4d60c4b-1234-5678-9012-f4d60c4b3333
1909026d-d71a-4d55-9517-83d0d3a8655f,2026-03-30 21:06:14.565+0000,False,18.809999999999998721023075631819665431976318359375,e4d60c4b-1234-5678-9012-f4d60c4b3333
1909026d-d71a-4d55-9517-83d0d3a8655f,2026-03-31 21:06:14.564+0000,False,17.480000000000000426325641456060111522674560546875,e4d60c4b-1234-5678-9012-f4d60c4b3333
1909026d-d71a-4d55-9517-83d0d3a8655f,2026-04-01 21:06:14.564+0000,False,17.469999999999998863131622783839702606201171875,e4d60c4b-1234-5678-9012-f4d60c4b3333
1909026d-d71a-4d55-9517-83d0d3a8655f,2026-04-02 21:06:14.564+0000,True,15.449999999999999289457264239899814128875732421875,e4d60c4b-1234-5678-9012-f4d60c4b3333
1909026d-d71a-4d55-9517-83d0d3a8655f,2026-04-03 21:06:14.564+0000,True,15.2799999999999993605115378159098327159881591796875,e4d60c4b-1234-5678-9012-f4d60c4b3333
1909026d-d71a-4d55-9517-83d0d3a8655f,2026-04-04 21:06:14.563+0000,False,17.53999999999999914734871708787977695465087890625,e4d60c4b-1234-5678-9012-f4d60c4b3333
c638b031-8ce6-4332-ab04-f86d176cc352,2026-03-29 21:06:14.258+0000,False,8.2599999999999997868371792719699442386627197265625,e4d60c4b-1234-5678-9012-f4d60c4b3333
c638b031-8ce6-4332-ab04-f86d176cc352,2026-03-30 21:06:14.258+0000,False,8.769999999999999573674358543939888477325439453125,e4d60c4b-1234-5678-9012-f4d60c4b3333
c638b031-8ce6-4332-ab04-f86d176cc352,2026-03-31 21:06:14.258+0000,False,8.8100000000000004973799150320701301097869873046875,e4d60c4b-1234-5678-9012-f4d60c4b3333
c638b031-8ce6-4332-ab04-f86d176cc352,2026-04-01 21:06:14.257+0000,True,7.69000000000000039079850466805510222911834716796875,e4d60c4b-1234-5678-9012-f4d60c4b3333
c638b031-8ce6-4332-ab04-f86d176cc352,2026-04-02 21:06:14.257+0000,True,6.55999999999999960920149533194489777088165283203125,e4d60c4b-1234-5678-9012-f4d60c4b3333
c638b031-8ce6-4332-ab04-f86d176cc352,2026-04-03 21:06:14.257+0000,False,8.82000000000000028421709430404007434844970703125,e4d60c4b-1234-5678-9012-f4d60c4b3333
c638b031-8ce6-4332-ab04-f86d176cc352,2026-04-04 21:06:14.257+0000,False,8.769999999999999573674358543939888477325439453125,e4d60c4b-1234-5678-9012-f4d60c4b3333
5c624834-9bf0-4a7c-8ffd-58d75470e26c,2026-03-29 21:06:14.135+0000,False,6.589999999999999857891452847979962825775146484375,e4d60c4b-1234-5678-9012-f4d60c4b3333
5c624834-9bf0-4a7c-8ffd-58d75470e26c,2026-03-30 21:06:14.134+0000,False,6.12999999999999989341858963598497211933135986328125,e4d60c4b-1234-5678-9012-f4d60c4b3333
5c624834-9bf0-4a7c-8ffd-58d75470e26c,2026-03-31 21:06:14.134+0000,False,6.0800000000000000710542735760100185871124267578125,e4d60c4b-1234-5678-9012-f4d60c4b3333
5c624834-9bf0-4a7c-8ffd-58d75470e26c,2026-04-01 21:06:14.134+0000,False,6.269999999999999573674358543939888477325439453125,e4d60c4b-1234-5678-9012-f4d60c4b3333
5c624834-9bf0-4a7c-8ffd-58d75470e26c,2026-04-02 21:06:14.134+0000,False,6.20000000000000017763568394002504646778106689453125,e4d60c4b-1234-5678-9012-f4d60c4b3333
5c624834-9bf0-4a7c-8ffd-58d75470e26c,2026-04-03 21:06:14.134+0000,False,6.04000000000000003552713678800500929355621337890625,e4d60c4b-1234-5678-9012-f4d60c4b3333
5c624834-9bf0-4a7c-8ffd-58d75470e26c,2026-04-04 21:06:14.133+0000,False,6.03000000000000024868995751603506505489349365234375,e4d60c4b-1234-5678-9012-f4d60c4b3333
db3f70d2-468b-415b-a4f0-34446a9a43e6,2026-03-29 21:06:13.927+0000,False,17.6099999999999994315658113919198513031005859375,e4d60c4b-1234-5678-9012-f4d60c4b3333
db3f70d2-468b-415b-a4f0-34446a9a43e6,2026-03-30 21:06:13.926+0000,False,17.190000000000001278976924368180334568023681640625,e4d60c4b-1234-5678-9012-f4d60c4b3333
db3f70d2-468b-415b-a4f0-34446a9a43e6,2026-03-31 21:06:13.926+0000,False,16.78999999999999914734871708787977695465087890625,e4d60c4b-1234-5678-9012-f4d60c4b3333
db3f70d2-468b-415b-a4f0-34446a9a43e6,2026-04-01 21:06:13.926+0000,True,14.6300000000000007815970093361102044582366943359375,e4d60c4b-1234-5678-9012-f4d60c4b3333
db3f70d2-468b-415b-a4f0-34446a9a43e6,2026-04-02 21:06:13.926+0000,False,18.019999999999999573674358543939888477325439453125,e4d60c4b-1234-5678-9012-f4d60c4b3333
db3f70d2-468b-415b-a4f0-34446a9a43e6,2026-04-03 21:06:13.926+0000,False,17.870000000000000994759830064140260219573974609375,e4d60c4b-1234-5678-9012-f4d60c4b3333
db3f70d2-468b-415b-a4f0-34446a9a43e6,2026-04-04 21:06:13.926+0000,False,18.019999999999999573674358543939888477325439453125,e4d60c4b-1234-5678-9012-f4d60c4b3333
709c6eee-4cab-46a4-a536-9ac24fd7b9af,2026-03-30 21:06:14.503+0000,True,3.04999999999999982236431605997495353221893310546875,e4d60c4b-1234-5678-9012-f4d60c4b3333
709c6eee-4cab-46a4-a536-9ac24fd7b9af,2026-03-31 21:06:14.503+0000,True,3.04999999999999982236431605997495353221893310546875,e4d60c4b-1234-5678-9012-f4d60c4b3333
709c6eee-4cab-46a4-a536-9ac24fd7b9af,2026-04-01 21:06:14.503+0000,False,3.439999999999999946709294817992486059665679931640625,e4d60c4b-1234-5678-9012-f4d60c4b3333
709c6eee-4cab-46a4-a536-9ac24fd7b9af,2026-04-02 21:06:14.503+0000,False,3.54000000000000003552713678800500929355621337890625,e4d60c4b-1234-5678-9012-f4d60c4b3333
709c6eee-4cab-46a4-a536-9ac24fd7b9af,2026-04-03 21:06:14.503+0000,False,3.70000000000000017763568394002504646778106689453125,e4d60c4b-1234-5678-9012-f4d60c4b3333
709c6eee-4cab-46a4-a536-9ac24fd7b9af,2026-04-04 21:06:14.502+0000,False,3.54000000000000003552713678800500929355621337890625,e4d60c4b-1234-5678-9012-f4d60c4b3333
098eeec0-55d1-4495-bfd6-87cb865ec9dd,2026-03-31 21:06:14.495+0000,False,13.25,e4d60c4b-1234-5678-9012-f4d60c4b3333
098eeec0-55d1-4495-bfd6-87cb865ec9dd,2026-04-01 21:06:14.495+0000,True,12.339999999999999857891452847979962825775146484375,e4d60c4b-1234-5678-9012-f4d60c4b3333
098eeec0-55d1-4495-bfd6-87cb865ec9dd,2026-04-02 21:06:14.495+0000,True,10.800000000000000710542735760100185871124267578125,e4d60c4b-1234-5678-9012-f4d60c4b3333
098eeec0-55d1-4495-bfd6-87cb865ec9dd,2026-04-03 21:06:14.495+0000,False,14.32000000000000028421709430404007434844970703125,e4d60c4b-1234-5678-9012-f4d60c4b3333
098eeec0-55d1-4495-bfd6-87cb865ec9dd,2026-04-04 21:06:14.495+0000,False,13.8900000000000005684341886080801486968994140625,e4d60c4b-1234-5678-9012-f4d60c4b3333
2d683dfb-e807-43fa-b21c-960941875201,2026-03-29 21:06:14.315+0000,False,7.4199999999999999289457264239899814128875732421875,e4d60c4b-1234-5678-9012-f4d60c4b3333
2d683dfb-e807-43fa-b21c-960941875201,2026-03-30 21:06:14.315+0000,True,6.38999999999999968025576890795491635799407958984375,e4d60c4b-1234-5678-9012-f4d60c4b3333
2d683dfb-e807-43fa-b21c-960941875201,2026-03-31 21:06:14.314+0000,False,7.519999999999999573674358543939888477325439453125,e4d60c4b-1234-5678-9012-f4d60c4b3333
2d683dfb-e807-43fa-b21c-960941875201,2026-04-01 21:06:14.314+0000,False,7.9199999999999999289457264239899814128875732421875,e4d60c4b-1234-5678-9012-f4d60c4b3333
2d683dfb-e807-43fa-b21c-960941875201,2026-04-02 21:06:14.314+0000,True,6.25,e4d60c4b-1234-5678-9012-f4d60c4b3333
2d683dfb-e807-43fa-b21c-960941875201,2026-04-03 21:06:14.314+0000,False,7.4199999999999999289457264239899814128875732421875,e4d60c4b-1234-5678-9012-f4d60c4b3333
2d683dfb-e807-43fa-b21c-960941875201,2026-04-04 21:06:14.314+0000,False,8,e4d60c4b-1234-5678-9012-f4d60c4b3333
4f79b973-756b-4580-a689-8916e2ddacfc,2026-03-30 21:06:13.935+0000,True,16.370000000000000994759830064140260219573974609375,e4d60c4b-1234-5678-9012-f4d60c4b3333
4f79b973-756b-4580-a689-8916e2ddacfc,2026-03-31 21:06:13.935+0000,False,20.489999999999998436805981327779591083526611328125,e4d60c4b-1234-5678-9012-f4d60c4b3333
4f79b973-756b-4580-a689-8916e2ddacfc,2026-04-01 21:06:13.935+0000,True,17.67999999999999971578290569595992565155029296875,e4d60c4b-1234-5678-9012-f4d60c4b3333
4f79b973-756b-4580-a689-8916e2ddacfc,2026-04-02 21:06:13.934+0000,False,20.809999999999998721023075631819665431976318359375,e4d60c4b-1234-5678-9012-f4d60c4b3333
4f79b973-756b-4580-a689-8916e2ddacfc,2026-04-03 21:06:13.934+0000,False,21.370000000000000994759830064140260219573974609375,e4d60c4b-1234-5678-9012-f4d60c4b3333
4f79b973-756b-4580-a689-8916e2ddacfc,2026-04-04 21:06:13.934+0000,False,20.489999999999998436805981327779591083526611328125,e4d60c4b-1234-5678-9012-f4d60c4b3333
cd49db01-e2a3-41fc-b7fe-95cebfd419cf,2026-03-31 21:06:14.489+0000,False,12.410000000000000142108547152020037174224853515625,e4d60c4b-1234-5678-9012-f4d60c4b3333
cd49db01-e2a3-41fc-b7fe-95cebfd419cf,2026-04-01 21:06:14.489+0000,False,12.9199999999999999289457264239899814128875732421875,e4d60c4b-1234-5678-9012-f4d60c4b3333
cd49db01-e2a3-41fc-b7fe-95cebfd419cf,2026-04-02 21:06:14.404+0000,False,12.5999999999999996447286321199499070644378662109375,e4d60c4b-1234-5678-9012-f4d60c4b3333
cd49db01-e2a3-41fc-b7fe-95cebfd419cf,2026-04-03 21:06:14.404+0000,False,12.4700000000000006394884621840901672840118408203125,e4d60c4b-1234-5678-9012-f4d60c4b3333
cd49db01-e2a3-41fc-b7fe-95cebfd419cf,2026-04-04 21:06:14.403+0000,False,12.839999999999999857891452847979962825775146484375,e4d60c4b-1234-5678-9012-f4d60c4b3333
8d6414ad-2020-4788-881a-7cb5195c52d6,2026-03-29 21:06:14.386+0000,True,11.339999999999999857891452847979962825775146484375,e4d60c4b-1234-5678-9012-f4d60c4b3333
8d6414ad-2020-4788-881a-7cb5195c52d6,2026-03-30 21:06:14.385+0000,False,14.03999999999999914734871708787977695465087890625,e4d60c4b-1234-5678-9012-f4d60c4b3333
8d6414ad-2020-4788-881a-7cb5195c52d6,2026-03-31 21:06:14.385+0000,False,13.730000000000000426325641456060111522674560546875,e4d60c4b-1234-5678-9012-f4d60c4b3333
8d6414ad-2020-4788-881a-7cb5195c52d6,2026-04-01 21:06:14.384+0000,True,12.57000000000000028421709430404007434844970703125,e4d60c4b-1234-5678-9012-f4d60c4b3333
8d6414ad-2020-4788-881a-7cb5195c52d6,2026-04-02 21:06:14.383+0000,False,13.339999999999999857891452847979962825775146484375,e4d60c4b-1234-5678-9012-f4d60c4b3333
8d6414ad-2020-4788-881a-7cb5195c52d6,2026-04-03 21:06:14.328+0000,False,13.4399999999999995026200849679298698902130126953125,e4d60c4b-1234-5678-9012-f4d60c4b3333
8d6414ad-2020-4788-881a-7cb5195c52d6,2026-04-04 21:06:14.328+0000,False,14.480000000000000426325641456060111522674560546875,e4d60c4b-1234-5678-9012-f4d60c4b3333
0793be5b-90fb-40dc-985c-d8fcfa2efd8d,2026-03-31 21:06:14.118+0000,False,16.1099999999999994315658113919198513031005859375,e4d60c4b-1234-5678-9012-f4d60c4b3333
0793be5b-90fb-40dc-985c-d8fcfa2efd8d,2026-04-01 21:06:14.118+0000,False,15.3900000000000005684341886080801486968994140625,e4d60c4b-1234-5678-9012-f4d60c4b3333
0793be5b-90fb-40dc-985c-d8fcfa2efd8d,2026-04-02 21:06:13.935+0000,False,15.8699999999999992184029906638897955417633056640625,e4d60c4b-1234-5678-9012-f4d60c4b3333
0793be5b-90fb-40dc-985c-d8fcfa2efd8d,2026-04-03 21:06:13.935+0000,False,15.92999999999999971578290569595992565155029296875,e4d60c4b-1234-5678-9012-f4d60c4b3333
0793be5b-90fb-40dc-985c-d8fcfa2efd8d,2026-04-04 21:06:13.935+0000,False,15.480000000000000426325641456060111522674560546875,e4d60c4b-1234-5678-9012-f4d60c4b3333
baf6fe68-213a-4393-8443-0ba92600b7c0,2026-03-30 21:06:14.317+0000,True,7.8300000000000000710542735760100185871124267578125,e4d60c4b-1234-5678-9012-f4d60c4b3333
baf6fe68-213a-4393-8443-0ba92600b7c0,2026-03-31 21:06:14.317+0000,False,8.82000000000000028421709430404007434844970703125,e4d60c4b-1234-5678-9012-f4d60c4b3333
baf6fe68-213a-4393-8443-0ba92600b7c0,2026-04-01 21:06:14.317+0000,False,9.3100000000000004973799150320701301097869873046875,e4d60c4b-1234-5678-9012-f4d60c4b3333
baf6fe68-213a-4393-8443-0ba92600b7c0,2026-04-02 21:06:14.317+0000,False,8.6899999999999995026200849679298698902130126953125,e4d60c4b-1234-5678-9012-f4d60c4b3333
baf6fe68-213a-4393-8443-0ba92600b7c0,2026-04-03 21:06:14.317+0000,True,7.6500000000000003552713678800500929355621337890625,e4d60c4b-1234-5678-9012-f4d60c4b3333
baf6fe68-213a-4393-8443-0ba92600b7c0,2026-04-04 21:06:14.316+0000,False,8.6500000000000003552713678800500929355621337890625,e4d60c4b-1234-5678-9012-f4d60c4b3333
04bcf7a0-395c-4a0e-80e4-6de773513212,2026-03-29 21:06:14.138+0000,False,4.6500000000000003552713678800500929355621337890625,e4d60c4b-1234-5678-9012-f4d60c4b3333
04bcf7a0-395c-4a0e-80e4-6de773513212,2026-03-30 21:06:14.138+0000,True,3.54999999999999982236431605997495353221893310546875,e4d60c4b-1234-5678-9012-f4d60c4b3333
04bcf7a0-395c-4a0e-80e4-6de773513212,2026-03-31 21:06:14.137+0000,True,3.819999999999999840127884453977458178997039794921875,e4d60c4b-1234-5678-9012-f4d60c4b3333
04bcf7a0-395c-4a0e-80e4-6de773513212,2026-04-01 21:06:14.137+0000,False,4.45000000000000017763568394002504646778106689453125,e4d60c4b-1234-5678-9012-f4d60c4b3333
04bcf7a0-395c-4a0e-80e4-6de773513212,2026-04-02 21:06:14.137+0000,False,4.44000000000000039079850466805510222911834716796875,e4d60c4b-1234-5678-9012-f4d60c4b3333
04bcf7a0-395c-4a0e-80e4-6de773513212,2026-04-03 21:06:14.137+0000,False,4.42999999999999971578290569595992565155029296875,e4d60c4b-1234-5678-9012-f4d60c4b3333
04bcf7a0-395c-4a0e-80e4-6de773513212,2026-04-04 21:06:14.136+0000,False,4.62999999999999989341858963598497211933135986328125,e4d60c4b-1234-5678-9012-f4d60c4b3333
1e4b2021-40b8-469a-9be0-e3159d9e7b1f,2026-03-31 21:06:14.327+0000,False,2.62000000000000010658141036401502788066864013671875,e4d60c4b-1234-5678-9012-f4d60c4b3333
1e4b2021-40b8-469a-9be0-e3159d9e7b1f,2026-04-01 21:06:14.327+0000,False,2.430000000000000159872115546022541821002960205078125,e4d60c4b-1234-5678-9012-f4d60c4b3333
1e4b2021-40b8-469a-9be0-e3159d9e7b1f,2026-04-02 21:06:14.327+0000,False,2.5099999999999997868371792719699442386627197265625,e4d60c4b-1234-5678-9012-f4d60c4b3333
1e4b2021-40b8-469a-9be0-e3159d9e7b1f,2026-04-03 21:06:14.326+0000,True,2.100000000000000088817841970012523233890533447265625,e4d60c4b-1234-5678-9012-f4d60c4b3333
1e4b2021-40b8-469a-9be0-e3159d9e7b1f,2026-04-04 21:06:14.326+0000,True,2.270000000000000017763568394002504646778106689453125,e4d60c4b-1234-5678-9012-f4d60c4b3333
b37c8098-bdf8-4f61-8c34-2557804ef8c8,2026-03-29 21:06:14.398+0000,False,18.64999999999999857891452847979962825775146484375,e4d60c4b-1234-5678-9012-f4d60c4b3333
b37c8098-bdf8-4f61-8c34-2557804ef8c8,2026-03-30 21:06:14.397+0000,False,18.989999999999998436805981327779591083526611328125,e4d60c4b-1234-5678-9012-f4d60c4b3333
b37c8098-bdf8-4f61-8c34-2557804ef8c8,2026-03-31 21:06:14.397+0000,False,19.280000000000001136868377216160297393798828125,e4d60c4b-1234-5678-9012-f4d60c4b3333
b37c8098-bdf8-4f61-8c34-2557804ef8c8,2026-04-01 21:06:14.396+0000,False,20.0799999999999982946974341757595539093017578125,e4d60c4b-1234-5678-9012-f4d60c4b3333
b37c8098-bdf8-4f61-8c34-2557804ef8c8,2026-04-02 21:06:14.396+0000,False,20.03999999999999914734871708787977695465087890625,e4d60c4b-1234-5678-9012-f4d60c4b3333
b37c8098-bdf8-4f61-8c34-2557804ef8c8,2026-04-03 21:06:14.396+0000,False,19.269999999999999573674358543939888477325439453125,e4d60c4b-1234-5678-9012-f4d60c4b3333
b37c8098-bdf8-4f61-8c34-2557804ef8c8,2026-04-04 21:06:14.395+0000,False,18.879999999999999005240169935859739780426025390625,e4d60c4b-1234-5678-9012-f4d60c4b3333
5d696cfc-38b6-4240-bf23-7878faabc129,2026-03-30 21:06:14.566+0000,False,5.0099999999999997868371792719699442386627197265625,e4d60c4b-1234-5678-9012-f4d60c4b3333
5d696cfc-38b6-4240-bf23-7878faabc129,2026-03-31 21:06:14.566+0000,False,5.12000000000000010658141036401502788066864013671875,e4d60c4b-1234-5678-9012-f4d60c4b3333
5d696cfc-38b6-4240-bf23-7878faabc129,2026-04-01 21:06:14.566+0000,True,4.019999999999999573674358543939888477325439453125,e4d60c4b-1234-5678-9012-f4d60c4b3333
5d696cfc-38b6-4240-bf23-7878faabc129,2026-04-02 21:06:14.566+0000,False,5.0800000000000000710542735760100185871124267578125,e4d60c4b-1234-5678-9012-f4d60c4b3333
5d696cfc-38b6-4240-bf23-7878faabc129,2026-04-03 21:06:14.565+0000,False,5.1500000000000003552713678800500929355621337890625,e4d60c4b-1234-5678-9012-f4d60c4b3333
5d696cfc-38b6-4240-bf23-7878faabc129,2026-04-04 21:06:14.565+0000,True,4.230000000000000426325641456060111522674560546875,e4d60c4b-1234-5678-9012-f4d60c4b3333
11822f73-06c7-462e-91e8-084116667482,2026-03-31 21:06:14.323+0000,False,5.12000000000000010658141036401502788066864013671875,e4d60c4b-1234-5678-9012-f4d60c4b3333
11822f73-06c7-462e-91e8-084116667482,2026-04-01 21:06:14.323+0000,False,5.20999999999999996447286321199499070644378662109375,e4d60c4b-1234-5678-9012-f4d60c4b3333
11822f73-06c7-462e-91e8-084116667482,2026-04-02 21:06:14.323+0000,True,4.05999999999999960920149533194489777088165283203125,e4d60c4b-1234-5678-9012-f4d60c4b3333
11822f73-06c7-462e-91e8-084116667482,2026-04-03 21:06:14.323+0000,False,5.160000000000000142108547152020037174224853515625,e4d60c4b-1234-5678-9012-f4d60c4b3333
11822f73-06c7-462e-91e8-084116667482,2026-04-04 21:06:14.323+0000,False,4.87999999999999989341858963598497211933135986328125,e4d60c4b-1234-5678-9012-f4d60c4b3333
a311d71a-07a1-4e7f-acc1-7c04ff872e58,2026-03-29 21:06:14.324+0000,False,5.20999999999999996447286321199499070644378662109375,e4d60c4b-1234-5678-9012-f4d60c4b3333
a311d71a-07a1-4e7f-acc1-7c04ff872e58,2026-03-30 21:06:14.324+0000,True,3.9199999999999999289457264239899814128875732421875,e4d60c4b-1234-5678-9012-f4d60c4b3333
a311d71a-07a1-4e7f-acc1-7c04ff872e58,2026-03-31 21:06:14.324+0000,False,4.980000000000000426325641456060111522674560546875,e4d60c4b-1234-5678-9012-f4d60c4b3333
a311d71a-07a1-4e7f-acc1-7c04ff872e58,2026-04-01 21:06:14.324+0000,False,5.20999999999999996447286321199499070644378662109375,e4d60c4b-1234-5678-9012-f4d60c4b3333
a311d71a-07a1-4e7f-acc1-7c04ff872e58,2026-04-02 21:06:14.324+0000,False,5.0800000000000000710542735760100185871124267578125,e4d60c4b-1234-5678-9012-f4d60c4b3333
a311d71a-07a1-4e7f-acc1-7c04ff872e58,2026-04-03 21:06:14.324+0000,False,5.37999999999999989341858963598497211933135986328125,e4d60c4b-1234-5678-9012-f4d60c4b3333
a311d71a-07a1-4e7f-acc1-7c04ff872e58,2026-04-04 21:06:14.323+0000,False,5.19000000000000039079850466805510222911834716796875,e4d60c4b-1234-5678-9012-f4d60c4b3333
afc6d5bf-3c0e-43ee-ac50-3e1e00bdb92b,2026-03-29 21:06:14.568+0000,True,10.03999999999999914734871708787977695465087890625,e4d60c4b-1234-5678-9012-f4d60c4b3333
afc6d5bf-3c0e-43ee-ac50-3e1e00bdb92b,2026-03-30 21:06:14.568+0000,True,8.8599999999999994315658113919198513031005859375,e4d60c4b-1234-5678-9012-f4d60c4b3333
afc6d5bf-3c0e-43ee-ac50-3e1e00bdb92b,2026-03-31 21:06:14.567+0000,False,11.32000000000000028421709430404007434844970703125,e4d60c4b-1234-5678-9012-f4d60c4b3333
afc6d5bf-3c0e-43ee-ac50-3e1e00bdb92b,2026-04-01 21:06:14.567+0000,False,11.25,e4d60c4b-1234-5678-9012-f4d60c4b3333
afc6d5bf-3c0e-43ee-ac50-3e1e00bdb92b,2026-04-02 21:06:14.567+0000,True,9.6099999999999994315658113919198513031005859375,e4d60c4b-1234-5678-9012-f4d60c4b3333
afc6d5bf-3c0e-43ee-ac50-3e1e00bdb92b,2026-04-03 21:06:14.567+0000,False,11.019999999999999573674358543939888477325439453125,e4d60c4b-1234-5678-9012-f4d60c4b3333
afc6d5bf-3c0e-43ee-ac50-3e1e00bdb92b,2026-04-04 21:06:14.567+0000,False,11.75,e4d60c4b-1234-5678-9012-f4d60c4b3333
057fc9d7-fb45-4422-afbf-1b825615c1f4,2026-03-30 21:06:14.322+0000,False,16.230000000000000426325641456060111522674560546875,e4d60c4b-1234-5678-9012-f4d60c4b3333
057fc9d7-fb45-4422-afbf-1b825615c1f4,2026-03-31 21:06:14.322+0000,True,13.1300000000000007815970093361102044582366943359375,e4d60c4b-1234-5678-9012-f4d60c4b3333
057fc9d7-fb45-4422-afbf-1b825615c1f4,2026-04-01 21:06:14.321+0000,False,15.8300000000000000710542735760100185871124267578125,e4d60c4b-1234-5678-9012-f4d60c4b3333
057fc9d7-fb45-4422-afbf-1b825615c1f4,2026-04-02 21:06:14.321+0000,False,16.969999999999998863131622783839702606201171875,e4d60c4b-1234-5678-9012-f4d60c4b3333
057fc9d7-fb45-4422-afbf-1b825615c1f4,2026-04-03 21:06:14.321+0000,False,16.370000000000000994759830064140260219573974609375,e4d60c4b-1234-5678-9012-f4d60c4b3333
057fc9d7-fb45-4422-afbf-1b825615c1f4,2026-04-04 21:06:14.321+0000,False,16.010000000000001563194018672220408916473388671875,e4d60c4b-1234-5678-9012-f4d60c4b3333
50f43147-1395-4196-bcb2-96dd9e9870c0,2026-03-29 21:06:14.402+0000,True,9.6899999999999995026200849679298698902130126953125,e4d60c4b-1234-5678-9012-f4d60c4b3333
50f43147-1395-4196-bcb2-96dd9e9870c0,2026-03-30 21:06:14.402+0000,False,12.0600000000000004973799150320701301097869873046875,e4d60c4b-1234-5678-9012-f4d60c4b3333
50f43147-1395-4196-bcb2-96dd9e9870c0,2026-03-31 21:06:14.402+0000,False,11.82000000000000028421709430404007434844970703125,e4d60c4b-1234-5678-9012-f4d60c4b3333
50f43147-1395-4196-bcb2-96dd9e9870c0,2026-04-01 21:06:14.402+0000,False,11.9399999999999995026200849679298698902130126953125,e4d60c4b-1234-5678-9012-f4d60c4b3333
50f43147-1395-4196-bcb2-96dd9e9870c0,2026-04-02 21:06:14.402+0000,True,9.17999999999999971578290569595992565155029296875,e4d60c4b-1234-5678-9012-f4d60c4b3333
50f43147-1395-4196-bcb2-96dd9e9870c0,2026-04-03 21:06:14.402+0000,True,10.410000000000000142108547152020037174224853515625,e4d60c4b-1234-5678-9012-f4d60c4b3333
50f43147-1395-4196-bcb2-96dd9e9870c0,2026-04-04 21:06:14.401+0000,False,11.9199999999999999289457264239899814128875732421875,e4d60c4b-1234-5678-9012-f4d60c4b3333
8c004d98-a33e-483d-a3d4-dd4390107dc3,2026-03-30 21:06:14.394+0000,False,15.300000000000000710542735760100185871124267578125,e4d60c4b-1234-5678-9012-f4d60c4b3333
8c004d98-a33e-483d-a3d4-dd4390107dc3,2026-03-31 21:06:14.394+0000,False,14.5299999999999993605115378159098327159881591796875,e4d60c4b-1234-5678-9012-f4d60c4b3333
8c004d98-a33e-483d-a3d4-dd4390107dc3,2026-04-01 21:06:14.394+0000,False,15.03999999999999914734871708787977695465087890625,e4d60c4b-1234-5678-9012-f4d60c4b3333
8c004d98-a33e-483d-a3d4-dd4390107dc3,2026-04-02 21:06:14.394+0000,False,14.7799999999999993605115378159098327159881591796875,e4d60c4b-1234-5678-9012-f4d60c4b3333
8c004d98-a33e-483d-a3d4-dd4390107dc3,2026-04-03 21:06:14.394+0000,False,14,e4d60c4b-1234-5678-9012-f4d60c4b3333
8c004d98-a33e-483d-a3d4-dd4390107dc3,2026-04-04 21:06:14.394+0000,False,14.4399999999999995026200849679298698902130126953125,e4d60c4b-1234-5678-9012-f4d60c4b3333
34cedb63-f4f7-4edb-90c8-a7b298563dc1,2026-03-30 21:06:14.243+0000,True,18.129999999999999005240169935859739780426025390625,e4d60c4b-1234-5678-9012-f4d60c4b3333
34cedb63-f4f7-4edb-90c8-a7b298563dc1,2026-03-31 21:06:14.243+0000,True,18.550000000000000710542735760100185871124267578125,e4d60c4b-1234-5678-9012-f4d60c4b3333
34cedb63-f4f7-4edb-90c8-a7b298563dc1,2026-04-01 21:06:14.242+0000,False,19.96000000000000085265128291212022304534912109375,e4d60c4b-1234-5678-9012-f4d60c4b3333
34cedb63-f4f7-4edb-90c8-a7b298563dc1,2026-04-02 21:06:14.242+0000,False,21.28999999999999914734871708787977695465087890625,e4d60c4b-1234-5678-9012-f4d60c4b3333
34cedb63-f4f7-4edb-90c8-a7b298563dc1,2026-04-03 21:06:14.242+0000,False,21.78999999999999914734871708787977695465087890625,e4d60c4b-1234-5678-9012-f4d60c4b3333
34cedb63-f4f7-4edb-90c8-a7b298563dc1,2026-04-04 21:06:14.242+0000,False,21.46000000000000085265128291212022304534912109375,e4d60c4b-1234-5678-9012-f4d60c4b3333
ab36aca3-dadb-460e-b66e-a5a87295bfe5,2026-03-29 21:06:14.136+0000,False,15.6300000000000007815970093361102044582366943359375,e4d60c4b-1234-5678-9012-f4d60c4b3333
ab36aca3-dadb-460e-b66e-a5a87295bfe5,2026-03-30 21:06:14.136+0000,False,15.1199999999999992184029906638897955417633056640625,e4d60c4b-1234-5678-9012-f4d60c4b3333
ab36aca3-dadb-460e-b66e-a5a87295bfe5,2026-03-31 21:06:14.136+0000,True,11.7799999999999993605115378159098327159881591796875,e4d60c4b-1234-5678-9012-f4d60c4b3333
ab36aca3-dadb-460e-b66e-a5a87295bfe5,2026-04-01 21:06:14.135+0000,True,11.82000000000000028421709430404007434844970703125,e4d60c4b-1234-5678-9012-f4d60c4b3333
ab36aca3-dadb-460e-b66e-a5a87295bfe5,2026-04-02 21:06:14.135+0000,False,14.92999999999999971578290569595992565155029296875,e4d60c4b-1234-5678-9012-f4d60c4b3333
ab36aca3-dadb-460e-b66e-a5a87295bfe5,2026-04-03 21:06:14.135+0000,False,14.730000000000000426325641456060111522674560546875,e4d60c4b-1234-5678-9012-f4d60c4b3333
ab36aca3-dadb-460e-b66e-a5a87295bfe5,2026-04-04 21:06:14.135+0000,False,15.3699999999999992184029906638897955417633056640625,e4d60c4b-1234-5678-9012-f4d60c4b3333
43764048-47c7-4b15-b220-4d77e02ff13d,2026-03-29 21:06:13.922+0000,False,23.030000000000001136868377216160297393798828125,e4d60c4b-1234-5678-9012-f4d60c4b3333
43764048-47c7-4b15-b220-4d77e02ff13d,2026-03-30 21:06:13.922+0000,True,17.129999999999999005240169935859739780426025390625,e4d60c4b-1234-5678-9012-f4d60c4b3333
43764048-47c7-4b15-b220-4d77e02ff13d,2026-03-31 21:06:13.922+0000,False,21.60000000000000142108547152020037174224853515625,e4d60c4b-1234-5678-9012-f4d60c4b3333
43764048-47c7-4b15-b220-4d77e02ff13d,2026-04-01 21:06:13.921+0000,True,17.199999999999999289457264239899814128875732421875,e4d60c4b-1234-5678-9012-f4d60c4b3333
43764048-47c7-4b15-b220-4d77e02ff13d,2026-04-02 21:06:13.921+0000,False,23.25,e4d60c4b-1234-5678-9012-f4d60c4b3333
43764048-47c7-4b15-b220-4d77e02ff13d,2026-04-03 21:06:13.921+0000,False,23.660000000000000142108547152020037174224853515625,e4d60c4b-1234-5678-9012-f4d60c4b3333
43764048-47c7-4b15-b220-4d77e02ff13d,2026-04-04 21:06:13.921+0000,True,18.300000000000000710542735760100185871124267578125,e4d60c4b-1234-5678-9012-f4d60c4b3333
0fd7a0eb-779e-4963-985b-3c791ed9e21e,2026-03-30 21:06:14.491+0000,False,18.160000000000000142108547152020037174224853515625,e4d60c4b-1234-5678-9012-f4d60c4b3333
0fd7a0eb-779e-4963-985b-3c791ed9e21e,2026-03-31 21:06:14.491+0000,True,15.230000000000000426325641456060111522674560546875,e4d60c4b-1234-5678-9012-f4d60c4b3333
0fd7a0eb-779e-4963-985b-3c791ed9e21e,2026-04-01 21:06:14.491+0000,False,18.440000000000001278976924368180334568023681640625,e4d60c4b-1234-5678-9012-f4d60c4b3333
0fd7a0eb-779e-4963-985b-3c791ed9e21e,2026-04-02 21:06:14.491+0000,False,18.64999999999999857891452847979962825775146484375,e4d60c4b-1234-5678-9012-f4d60c4b3333
0fd7a0eb-779e-4963-985b-3c791ed9e21e,2026-04-03 21:06:14.491+0000,False,19.71000000000000085265128291212022304534912109375,e4d60c4b-1234-5678-9012-f4d60c4b3333
0fd7a0eb-779e-4963-985b-3c791ed9e21e,2026-04-04 21:06:14.491+0000,False,18.940000000000001278976924368180334568023681640625,e4d60c4b-1234-5678-9012-f4d60c4b3333
5327fe66-c7bf-42f7-9fca-c73985bde8b3,2026-03-31 21:06:13.929+0000,False,21.949999999999999289457264239899814128875732421875,e4d60c4b-1234-5678-9012-f4d60c4b3333
5327fe66-c7bf-42f7-9fca-c73985bde8b3,2026-04-01 21:06:13.929+0000,False,22.1099999999999994315658113919198513031005859375,e4d60c4b-1234-5678-9012-f4d60c4b3333
5327fe66-c7bf-42f7-9fca-c73985bde8b3,2026-04-02 21:06:13.929+0000,False,21.280000000000001136868377216160297393798828125,e4d60c4b-1234-5678-9012-f4d60c4b3333
5327fe66-c7bf-42f7-9fca-c73985bde8b3,2026-04-03 21:06:13.929+0000,False,21.730000000000000426325641456060111522674560546875,e4d60c4b-1234-5678-9012-f4d60c4b3333
5327fe66-c7bf-42f7-9fca-c73985bde8b3,2026-04-04 21:06:13.929+0000,False,21.510000000000001563194018672220408916473388671875,e4d60c4b-1234-5678-9012-f4d60c4b3333
971329c0-b1e4-4719-82e3-79680e4797de,2026-03-30 21:06:13.928+0000,False,9.949999999999999289457264239899814128875732421875,e4d60c4b-1234-5678-9012-f4d60c4b3333
971329c0-b1e4-4719-82e3-79680e4797de,2026-03-31 21:06:13.928+0000,True,8.699999999999999289457264239899814128875732421875,e4d60c4b-1234-5678-9012-f4d60c4b3333
971329c0-b1e4-4719-82e3-79680e4797de,2026-04-01 21:06:13.928+0000,False,10.410000000000000142108547152020037174224853515625,e4d60c4b-1234-5678-9012-f4d60c4b3333
971329c0-b1e4-4719-82e3-79680e4797de,2026-04-02 21:06:13.928+0000,False,10.07000000000000028421709430404007434844970703125,e4d60c4b-1234-5678-9012-f4d60c4b3333
971329c0-b1e4-4719-82e3-79680e4797de,2026-04-03 21:06:13.928+0000,False,9.8699999999999992184029906638897955417633056640625,e4d60c4b-1234-5678-9012-f4d60c4b3333
971329c0-b1e4-4719-82e3-79680e4797de,2026-04-04 21:06:13.927+0000,False,10.2599999999999997868371792719699442386627197265625,e4d60c4b-1234-5678-9012-f4d60c4b3333
1baadaf9-9310-4217-bd26-80776c1f0866,2026-03-30 21:06:13.930+0000,True,12.6300000000000007815970093361102044582366943359375,e4d60c4b-1234-5678-9012-f4d60c4b3333
1baadaf9-9310-4217-bd26-80776c1f0866,2026-03-31 21:06:13.930+0000,False,14.550000000000000710542735760100185871124267578125,e4d60c4b-1234-5678-9012-f4d60c4b3333
1baadaf9-9310-4217-bd26-80776c1f0866,2026-04-01 21:06:13.930+0000,False,14.57000000000000028421709430404007434844970703125,e4d60c4b-1234-5678-9012-f4d60c4b3333
1baadaf9-9310-4217-bd26-80776c1f0866,2026-04-02 21:06:13.930+0000,False,14.7799999999999993605115378159098327159881591796875,e4d60c4b-1234-5678-9012-f4d60c4b3333
1baadaf9-9310-4217-bd26-80776c1f0866,2026-04-03 21:06:13.930+0000,False,14.4199999999999999289457264239899814128875732421875,e4d60c4b-1234-5678-9012-f4d60c4b3333
1baadaf9-9310-4217-bd26-80776c1f0866,2026-04-04 21:06:13.930+0000,True,12.8900000000000005684341886080801486968994140625,e4d60c4b-1234-5678-9012-f4d60c4b3333
17cc6e07-1240-485d-96c3-f7de53614fc8,2026-03-29 21:06:14.563+0000,True,7.7400000000000002131628207280300557613372802734375,e4d60c4b-1234-5678-9012-f4d60c4b3333
17cc6e07-1240-485d-96c3-f7de53614fc8,2026-03-30 21:06:14.563+0000,False,9.3699999999999992184029906638897955417633056640625,e4d60c4b-1234-5678-9012-f4d60c4b3333
17cc6e07-1240-485d-96c3-f7de53614fc8,2026-03-31 21:06:14.563+0000,False,9.0299999999999993605115378159098327159881591796875,e4d60c4b-1234-5678-9012-f4d60c4b3333
17cc6e07-1240-485d-96c3-f7de53614fc8,2026-04-01 21:06:14.563+0000,True,8.07000000000000028421709430404007434844970703125,e4d60c4b-1234-5678-9012-f4d60c4b3333
17cc6e07-1240-485d-96c3-f7de53614fc8,2026-04-02 21:06:14.562+0000,False,9.5800000000000000710542735760100185871124267578125,e4d60c4b-1234-5678-9012-f4d60c4b3333
17cc6e07-1240-485d-96c3-f7de53614fc8,2026-04-03 21:06:14.562+0000,False,9.7200000000000006394884621840901672840118408203125,e4d60c4b-1234-5678-9012-f4d60c4b3333
17cc6e07-1240-485d-96c3-f7de53614fc8,2026-04-04 21:06:14.562+0000,True,8.1400000000000005684341886080801486968994140625,e4d60c4b-1234-5678-9012-f4d60c4b3333
8b469bf0-6d3a-4df5-9973-2448b04a1c99,2026-03-30 21:06:14.558+0000,False,15.7200000000000006394884621840901672840118408203125,e4d60c4b-1234-5678-9012-f4d60c4b3333
8b469bf0-6d3a-4df5-9973-2448b04a1c99,2026-03-31 21:06:14.557+0000,False,16.42999999999999971578290569595992565155029296875,e4d60c4b-1234-5678-9012-f4d60c4b3333
8b469bf0-6d3a-4df5-9973-2448b04a1c99,2026-04-01 21:06:14.557+0000,True,12.339999999999999857891452847979962825775146484375,e4d60c4b-1234-5678-9012-f4d60c4b3333
8b469bf0-6d3a-4df5-9973-2448b04a1c99,2026-04-02 21:06:14.557+0000,True,12.5,e4d60c4b-1234-5678-9012-f4d60c4b3333
8b469bf0-6d3a-4df5-9973-2448b04a1c99,2026-04-03 21:06:14.557+0000,False,17.03999999999999914734871708787977695465087890625,e4d60c4b-1234-5678-9012-f4d60c4b3333
8b469bf0-6d3a-4df5-9973-2448b04a1c99,2026-04-04 21:06:14.557+0000,True,12.46000000000000085265128291212022304534912109375,e4d60c4b-1234-5678-9012-f4d60c4b3333
2ae98b82-d307-4c31-b231-c20aef8d1f10,2026-03-29 21:06:14.129+0000,False,22.28999999999999914734871708787977695465087890625,e4d60c4b-1234-5678-9012-f4d60c4b3333
2ae98b82-d307-4c31-b231-c20aef8d1f10,2026-03-30 21:06:14.128+0000,False,21.739999999999998436805981327779591083526611328125,e4d60c4b-1234-5678-9012-f4d60c4b3333
2ae98b82-d307-4c31-b231-c20aef8d1f10,2026-03-31 21:06:14.128+0000,False,22.370000000000000994759830064140260219573974609375,e4d60c4b-1234-5678-9012-f4d60c4b3333
2ae98b82-d307-4c31-b231-c20aef8d1f10,2026-04-01 21:06:14.128+0000,False,21.879999999999999005240169935859739780426025390625,e4d60c4b-1234-5678-9012-f4d60c4b3333
2ae98b82-d307-4c31-b231-c20aef8d1f10,2026-04-02 21:06:14.128+0000,False,21.440000000000001278976924368180334568023681640625,e4d60c4b-1234-5678-9012-f4d60c4b3333
2ae98b82-d307-4c31-b231-c20aef8d1f10,2026-04-03 21:06:14.128+0000,False,21.0799999999999982946974341757595539093017578125,e4d60c4b-1234-5678-9012-f4d60c4b3333
2ae98b82-d307-4c31-b231-c20aef8d1f10,2026-04-04 21:06:14.127+0000,True,17.10000000000000142108547152020037174224853515625,e4d60c4b-1234-5678-9012-f4d60c4b3333
15ce6f31-65c3-428e-94c0-fa9c8f3dedf4,2026-03-31 21:06:14.247+0000,True,11.3499999999999996447286321199499070644378662109375,e4d60c4b-1234-5678-9012-f4d60c4b3333
15ce6f31-65c3-428e-94c0-fa9c8f3dedf4,2026-04-01 21:06:14.247+0000,False,14,e4d60c4b-1234-5678-9012-f4d60c4b3333
15ce6f31-65c3-428e-94c0-fa9c8f3dedf4,2026-04-02 21:06:14.247+0000,True,11.3800000000000007815970093361102044582366943359375,e4d60c4b-1234-5678-9012-f4d60c4b3333
15ce6f31-65c3-428e-94c0-fa9c8f3dedf4,2026-04-03 21:06:14.246+0000,False,13.78999999999999914734871708787977695465087890625,e4d60c4b-1234-5678-9012-f4d60c4b3333
15ce6f31-65c3-428e-94c0-fa9c8f3dedf4,2026-04-04 21:06:14.246+0000,False,13.980000000000000426325641456060111522674560546875,e4d60c4b-1234-5678-9012-f4d60c4b3333
e8e8d839-5069-4c0d-b24c-f853bc4217ea,2026-03-30 21:06:14.239+0000,False,18.89999999999999857891452847979962825775146484375,e4d60c4b-1234-5678-9012-f4d60c4b3333
e8e8d839-5069-4c0d-b24c-f853bc4217ea,2026-03-31 21:06:14.238+0000,True,15.9199999999999999289457264239899814128875732421875,e4d60c4b-1234-5678-9012-f4d60c4b3333
e8e8d839-5069-4c0d-b24c-f853bc4217ea,2026-04-01 21:06:14.238+0000,False,19.35000000000000142108547152020037174224853515625,e4d60c4b-1234-5678-9012-f4d60c4b3333
e8e8d839-5069-4c0d-b24c-f853bc4217ea,2026-04-02 21:06:14.238+0000,True,16,e4d60c4b-1234-5678-9012-f4d60c4b3333
e8e8d839-5069-4c0d-b24c-f853bc4217ea,2026-04-03 21:06:14.238+0000,False,18.629999999999999005240169935859739780426025390625,e4d60c4b-1234-5678-9012-f4d60c4b3333
e8e8d839-5069-4c0d-b24c-f853bc4217ea,2026-04-04 21:06:14.237+0000,False,19.699999999999999289457264239899814128875732421875,e4d60c4b-1234-5678-9012-f4d60c4b3333
8ed84f20-9d7b-4a1b-981d-04960e29c06a,2026-03-30 21:06:14.122+0000,False,23.719999999999998863131622783839702606201171875,e4d60c4b-1234-5678-9012-f4d60c4b3333
8ed84f20-9d7b-4a1b-981d-04960e29c06a,2026-03-31 21:06:14.121+0000,False,23.629999999999999005240169935859739780426025390625,e4d60c4b-1234-5678-9012-f4d60c4b3333
8ed84f20-9d7b-4a1b-981d-04960e29c06a,2026-04-01 21:06:14.120+0000,False,23.219999999999998863131622783839702606201171875,e4d60c4b-1234-5678-9012-f4d60c4b3333
8ed84f20-9d7b-4a1b-981d-04960e29c06a,2026-04-02 21:06:14.120+0000,False,22.780000000000001136868377216160297393798828125,e4d60c4b-1234-5678-9012-f4d60c4b3333
8ed84f20-9d7b-4a1b-981d-04960e29c06a,2026-04-03 21:06:14.120+0000,False,22.78999999999999914734871708787977695465087890625,e4d60c4b-1234-5678-9012-f4d60c4b3333
8ed84f20-9d7b-4a1b-981d-04960e29c06a,2026-04-04 21:06:14.120+0000,False,22.25,e4d60c4b-1234-5678-9012-f4d60c4b3333
0fe7e157-33da-4a9b-8716-abc1f29f1d92,2026-03-31 21:06:14.501+0000,True,19.239999999999998436805981327779591083526611328125,e4d60c4b-1234-5678-9012-f4d60c4b3333
0fe7e157-33da-4a9b-8716-abc1f29f1d92,2026-04-01 21:06:14.501+0000,True,18.629999999999999005240169935859739780426025390625,e4d60c4b-1234-5678-9012-f4d60c4b3333
0fe7e157-33da-4a9b-8716-abc1f29f1d92,2026-04-02 21:06:14.501+0000,False,21.5,e4d60c4b-1234-5678-9012-f4d60c4b3333
0fe7e157-33da-4a9b-8716-abc1f29f1d92,2026-04-03 21:06:14.501+0000,False,21.21000000000000085265128291212022304534912109375,e4d60c4b-1234-5678-9012-f4d60c4b3333
0fe7e157-33da-4a9b-8716-abc1f29f1d92,2026-04-04 21:06:14.501+0000,False,21.519999999999999573674358543939888477325439453125,e4d60c4b-1234-5678-9012-f4d60c4b3333
169d6cd8-92e2-45d3-a465-f601ddfdfdc4,2026-03-30 21:06:13.925+0000,True,7.0099999999999997868371792719699442386627197265625,e4d60c4b-1234-5678-9012-f4d60c4b3333
169d6cd8-92e2-45d3-a465-f601ddfdfdc4,2026-03-31 21:06:13.925+0000,False,9.160000000000000142108547152020037174224853515625,e4d60c4b-1234-5678-9012-f4d60c4b3333
169d6cd8-92e2-45d3-a465-f601ddfdfdc4,2026-04-01 21:06:13.924+0000,False,8.800000000000000710542735760100185871124267578125,e4d60c4b-1234-5678-9012-f4d60c4b3333
169d6cd8-92e2-45d3-a465-f601ddfdfdc4,2026-04-02 21:06:13.923+0000,False,9.0099999999999997868371792719699442386627197265625,e4d60c4b-1234-5678-9012-f4d60c4b3333
169d6cd8-92e2-45d3-a465-f601ddfdfdc4,2026-04-03 21:06:13.923+0000,True,6.980000000000000426325641456060111522674560546875,e4d60c4b-1234-5678-9012-f4d60c4b3333
169d6cd8-92e2-45d3-a465-f601ddfdfdc4,2026-04-04 21:06:13.922+0000,True,7.20000000000000017763568394002504646778106689453125,e4d60c4b-1234-5678-9012-f4d60c4b3333
cd4fc9be-550c-42e8-84f3-e7f48d323438,2026-03-31 21:06:14.399+0000,True,3.160000000000000142108547152020037174224853515625,e4d60c4b-1234-5678-9012-f4d60c4b3333
cd4fc9be-550c-42e8-84f3-e7f48d323438,2026-04-01 21:06:14.399+0000,False,3.600000000000000088817841970012523233890533447265625,e4d60c4b-1234-5678-9012-f4d60c4b3333
cd4fc9be-550c-42e8-84f3-e7f48d323438,2026-04-02 21:06:14.399+0000,False,3.439999999999999946709294817992486059665679931640625,e4d60c4b-1234-5678-9012-f4d60c4b3333
cd4fc9be-550c-42e8-84f3-e7f48d323438,2026-04-03 21:06:14.399+0000,True,2.87999999999999989341858963598497211933135986328125,e4d60c4b-1234-5678-9012-f4d60c4b3333
cd4fc9be-550c-42e8-84f3-e7f48d323438,2026-04-04 21:06:14.399+0000,False,3.529999999999999804600747665972448885440826416015625,e4d60c4b-1234-5678-9012-f4d60c4b3333
486c2412-eb25-4218-87f5-d5156232e1be,2026-03-30 21:06:14.241+0000,True,7.9199999999999999289457264239899814128875732421875,e4d60c4b-1234-5678-9012-f4d60c4b3333
486c2412-eb25-4218-87f5-d5156232e1be,2026-03-31 21:06:14.241+0000,False,10.3499999999999996447286321199499070644378662109375,e4d60c4b-1234-5678-9012-f4d60c4b3333
486c2412-eb25-4218-87f5-d5156232e1be,2026-04-01 21:06:14.241+0000,False,10.8599999999999994315658113919198513031005859375,e4d60c4b-1234-5678-9012-f4d60c4b3333
486c2412-eb25-4218-87f5-d5156232e1be,2026-04-02 21:06:14.241+0000,False,10.2200000000000006394884621840901672840118408203125,e4d60c4b-1234-5678-9012-f4d60c4b3333
486c2412-eb25-4218-87f5-d5156232e1be,2026-04-03 21:06:14.241+0000,False,10.8800000000000007815970093361102044582366943359375,e4d60c4b-1234-5678-9012-f4d60c4b3333
486c2412-eb25-4218-87f5-d5156232e1be,2026-04-04 21:06:14.239+0000,True,7.95000000000000017763568394002504646778106689453125,e4d60c4b-1234-5678-9012-f4d60c4b3333
aecb6c16-92e3-4a77-8c95-884684d2cf4f,2026-03-30 21:06:14.312+0000,True,1.979999999999999982236431605997495353221893310546875,e4d60c4b-1234-5678-9012-f4d60c4b3333
aecb6c16-92e3-4a77-8c95-884684d2cf4f,2026-03-31 21:06:14.311+0000,False,2.45999999999999996447286321199499070644378662109375,e4d60c4b-1234-5678-9012-f4d60c4b3333
aecb6c16-92e3-4a77-8c95-884684d2cf4f,2026-04-01 21:06:14.311+0000,False,2.479999999999999982236431605997495353221893310546875,e4d60c4b-1234-5678-9012-f4d60c4b3333
aecb6c16-92e3-4a77-8c95-884684d2cf4f,2026-04-02 21:06:14.311+0000,False,2.319999999999999840127884453977458178997039794921875,e4d60c4b-1234-5678-9012-f4d60c4b3333
aecb6c16-92e3-4a77-8c95-884684d2cf4f,2026-04-03 21:06:14.311+0000,False,2.479999999999999982236431605997495353221893310546875,e4d60c4b-1234-5678-9012-f4d60c4b3333
aecb6c16-92e3-4a77-8c95-884684d2cf4f,2026-04-04 21:06:14.311+0000,False,2.37999999999999989341858963598497211933135986328125,e4d60c4b-1234-5678-9012-f4d60c4b3333
c37c97cf-5088-496c-8a17-2fcb7f0b45c6,2026-03-29 21:06:13.933+0000,False,3.29999999999999982236431605997495353221893310546875,e4d60c4b-1234-5678-9012-f4d60c4b3333
c37c97cf-5088-496c-8a17-2fcb7f0b45c6,2026-03-30 21:06:13.933+0000,False,3.529999999999999804600747665972448885440826416015625,e4d60c4b-1234-5678-9012-f4d60c4b3333
c37c97cf-5088-496c-8a17-2fcb7f0b45c6,2026-03-31 21:06:13.933+0000,True,2.62999999999999989341858963598497211933135986328125,e4d60c4b-1234-5678-9012-f4d60c4b3333
c37c97cf-5088-496c-8a17-2fcb7f0b45c6,2026-04-01 21:06:13.933+0000,False,3.4199999999999999289457264239899814128875732421875,e4d60c4b-1234-5678-9012-f4d60c4b3333
c37c97cf-5088-496c-8a17-2fcb7f0b45c6,2026-04-02 21:06:13.933+0000,False,3.390000000000000124344978758017532527446746826171875,e4d60c4b-1234-5678-9012-f4d60c4b3333
c37c97cf-5088-496c-8a17-2fcb7f0b45c6,2026-04-03 21:06:13.932+0000,False,3.29000000000000003552713678800500929355621337890625,e4d60c4b-1234-5678-9012-f4d60c4b3333
c37c97cf-5088-496c-8a17-2fcb7f0b45c6,2026-04-04 21:06:13.932+0000,False,3.54000000000000003552713678800500929355621337890625,e4d60c4b-1234-5678-9012-f4d60c4b3333
d985b44b-4038-4c92-801d-143d4c095484,2026-03-29 21:06:14.124+0000,True,5.45000000000000017763568394002504646778106689453125,e4d60c4b-1234-5678-9012-f4d60c4b3333
d985b44b-4038-4c92-801d-143d4c095484,2026-03-30 21:06:14.124+0000,True,5.44000000000000039079850466805510222911834716796875,e4d60c4b-1234-5678-9012-f4d60c4b3333
d985b44b-4038-4c92-801d-143d4c095484,2026-03-31 21:06:14.124+0000,False,6.54000000000000003552713678800500929355621337890625,e4d60c4b-1234-5678-9012-f4d60c4b3333
d985b44b-4038-4c92-801d-143d4c095484,2026-04-01 21:06:14.123+0000,False,6.480000000000000426325641456060111522674560546875,e4d60c4b-1234-5678-9012-f4d60c4b3333
d985b44b-4038-4c92-801d-143d4c095484,2026-04-02 21:06:14.123+0000,False,6.160000000000000142108547152020037174224853515625,e4d60c4b-1234-5678-9012-f4d60c4b3333
d985b44b-4038-4c92-801d-143d4c095484,2026-04-03 21:06:14.123+0000,False,6.30999999999999960920149533194489777088165283203125,e4d60c4b-1234-5678-9012-f4d60c4b3333
d985b44b-4038-4c92-801d-143d4c095484,2026-04-04 21:06:14.122+0000,False,6.019999999999999573674358543939888477325439453125,e4d60c4b-1234-5678-9012-f4d60c4b3333
1f129965-7c32-46f1-8043-d5e1dc457ddf,2026-03-30 21:06:14.244+0000,False,11.8300000000000000710542735760100185871124267578125,e4d60c4b-1234-5678-9012-f4d60c4b3333
1f129965-7c32-46f1-8043-d5e1dc457ddf,2026-03-31 21:06:14.244+0000,True,10.82000000000000028421709430404007434844970703125,e4d60c4b-1234-5678-9012-f4d60c4b3333
1f129965-7c32-46f1-8043-d5e1dc457ddf,2026-04-01 21:06:14.244+0000,True,10,e4d60c4b-1234-5678-9012-f4d60c4b3333
1f129965-7c32-46f1-8043-d5e1dc457ddf,2026-04-02 21:06:14.244+0000,False,12.519999999999999573674358543939888477325439453125,e4d60c4b-1234-5678-9012-f4d60c4b3333
1f129965-7c32-46f1-8043-d5e1dc457ddf,2026-04-03 21:06:14.243+0000,False,11.5999999999999996447286321199499070644378662109375,e4d60c4b-1234-5678-9012-f4d60c4b3333
1f129965-7c32-46f1-8043-d5e1dc457ddf,2026-04-04 21:06:14.243+0000,False,12.0800000000000000710542735760100185871124267578125,e4d60c4b-1234-5678-9012-f4d60c4b3333
427f7430-46ea-4735-882f-be6a0cd59d49,2026-03-31 21:06:14.127+0000,False,19.910000000000000142108547152020037174224853515625,e4d60c4b-1234-5678-9012-f4d60c4b3333
427f7430-46ea-4735-882f-be6a0cd59d49,2026-04-01 21:06:14.126+0000,False,20.589999999999999857891452847979962825775146484375,e4d60c4b-1234-5678-9012-f4d60c4b3333
427f7430-46ea-4735-882f-be6a0cd59d49,2026-04-02 21:06:14.126+0000,True,16.07000000000000028421709430404007434844970703125,e4d60c4b-1234-5678-9012-f4d60c4b3333
427f7430-46ea-4735-882f-be6a0cd59d49,2026-04-03 21:06:14.126+0000,False,20.019999999999999573674358543939888477325439453125,e4d60c4b-1234-5678-9012-f4d60c4b3333
427f7430-46ea-4735-882f-be6a0cd59d49,2026-04-04 21:06:14.125+0000,False,19.57000000000000028421709430404007434844970703125,e4d60c4b-1234-5678-9012-f4d60c4b3333
17940a86-2fd2-45be-baa8-5a0a16637a49,2026-03-30 21:06:14.256+0000,False,18.17999999999999971578290569595992565155029296875,e4d60c4b-1234-5678-9012-f4d60c4b3333
17940a86-2fd2-45be-baa8-5a0a16637a49,2026-03-31 21:06:14.256+0000,True,16.019999999999999573674358543939888477325439453125,e4d60c4b-1234-5678-9012-f4d60c4b3333
17940a86-2fd2-45be-baa8-5a0a16637a49,2026-04-01 21:06:14.256+0000,False,18.230000000000000426325641456060111522674560546875,e4d60c4b-1234-5678-9012-f4d60c4b3333
17940a86-2fd2-45be-baa8-5a0a16637a49,2026-04-02 21:06:14.256+0000,False,17.6700000000000017053025658242404460906982421875,e4d60c4b-1234-5678-9012-f4d60c4b3333
17940a86-2fd2-45be-baa8-5a0a16637a49,2026-04-03 21:06:14.255+0000,False,18.269999999999999573674358543939888477325439453125,e4d60c4b-1234-5678-9012-f4d60c4b3333
17940a86-2fd2-45be-baa8-5a0a16637a49,2026-04-04 21:06:14.255+0000,False,18.809999999999998721023075631819665431976318359375,e4d60c4b-1234-5678-9012-f4d60c4b3333
b08d56ab-ef1a-4a31-abc8-513b8b5574f2,2026-03-29 21:06:14.498+0000,False,12.339999999999999857891452847979962825775146484375,e4d60c4b-1234-5678-9012-f4d60c4b3333
b08d56ab-ef1a-4a31-abc8-513b8b5574f2,2026-03-30 21:06:14.498+0000,False,11.949999999999999289457264239899814128875732421875,e4d60c4b-1234-5678-9012-f4d60c4b3333
b08d56ab-ef1a-4a31-abc8-513b8b5574f2,2026-03-31 21:06:14.498+0000,False,12.7799999999999993605115378159098327159881591796875,e4d60c4b-1234-5678-9012-f4d60c4b3333
b08d56ab-ef1a-4a31-abc8-513b8b5574f2,2026-04-01 21:06:14.498+0000,False,11.8300000000000000710542735760100185871124267578125,e4d60c4b-1234-5678-9012-f4d60c4b3333
b08d56ab-ef1a-4a31-abc8-513b8b5574f2,2026-04-02 21:06:14.497+0000,True,10.25,e4d60c4b-1234-5678-9012-f4d60c4b3333
b08d56ab-ef1a-4a31-abc8-513b8b5574f2,2026-04-03 21:06:14.497+0000,False,13.0299999999999993605115378159098327159881591796875,e4d60c4b-1234-5678-9012-f4d60c4b3333
b08d56ab-ef1a-4a31-abc8-513b8b5574f2,2026-04-04 21:06:14.497+0000,True,10.2200000000000006394884621840901672840118408203125,e4d60c4b-1234-5678-9012-f4d60c4b3333
22efb39d-d906-46c8-8ba8-6c6ee584958c,2026-03-31 21:06:13.917+0000,False,10.0600000000000004973799150320701301097869873046875,e4d60c4b-1234-5678-9012-f4d60c4b3333
22efb39d-d906-46c8-8ba8-6c6ee584958c,2026-04-01 21:06:13.916+0000,True,7.71999999999999975131004248396493494510650634765625,e4d60c4b-1234-5678-9012-f4d60c4b3333
22efb39d-d906-46c8-8ba8-6c6ee584958c,2026-04-02 21:06:13.916+0000,True,8.050000000000000710542735760100185871124267578125,e4d60c4b-1234-5678-9012-f4d60c4b3333
22efb39d-d906-46c8-8ba8-6c6ee584958c,2026-04-03 21:06:13.915+0000,True,9.0299999999999993605115378159098327159881591796875,e4d60c4b-1234-5678-9012-f4d60c4b3333
22efb39d-d906-46c8-8ba8-6c6ee584958c,2026-04-04 21:06:13.914+0000,True,8.8699999999999992184029906638897955417633056640625,e4d60c4b-1234-5678-9012-f4d60c4b3333
5dc537bc-9be7-46f7-884f-55f6c85c9d90,2026-03-30 21:06:14.314+0000,False,24.8599999999999994315658113919198513031005859375,e4d60c4b-1234-5678-9012-f4d60c4b3333
5dc537bc-9be7-46f7-884f-55f6c85c9d90,2026-03-31 21:06:14.314+0000,True,19.589999999999999857891452847979962825775146484375,e4d60c4b-1234-5678-9012-f4d60c4b3333
5dc537bc-9be7-46f7-884f-55f6c85c9d90,2026-04-01 21:06:14.313+0000,True,19.35000000000000142108547152020037174224853515625,e4d60c4b-1234-5678-9012-f4d60c4b3333
5dc537bc-9be7-46f7-884f-55f6c85c9d90,2026-04-02 21:06:14.313+0000,False,23.269999999999999573674358543939888477325439453125,e4d60c4b-1234-5678-9012-f4d60c4b3333
5dc537bc-9be7-46f7-884f-55f6c85c9d90,2026-04-03 21:06:14.313+0000,False,25.160000000000000142108547152020037174224853515625,e4d60c4b-1234-5678-9012-f4d60c4b3333
5dc537bc-9be7-46f7-884f-55f6c85c9d90,2026-04-04 21:06:14.313+0000,False,24.3900000000000005684341886080801486968994140625,e4d60c4b-1234-5678-9012-f4d60c4b3333
05d9e9af-d5f4-4b3d-9b93-301fd50c2dd6,2026-03-30 21:06:14.391+0000,False,3.970000000000000195399252334027551114559173583984375,e4d60c4b-1234-5678-9012-f4d60c4b3333
05d9e9af-d5f4-4b3d-9b93-301fd50c2dd6,2026-03-31 21:06:14.390+0000,False,4.019999999999999573674358543939888477325439453125,e4d60c4b-1234-5678-9012-f4d60c4b3333
05d9e9af-d5f4-4b3d-9b93-301fd50c2dd6,2026-04-01 21:06:14.390+0000,False,3.910000000000000142108547152020037174224853515625,e4d60c4b-1234-5678-9012-f4d60c4b3333
05d9e9af-d5f4-4b3d-9b93-301fd50c2dd6,2026-04-02 21:06:14.390+0000,True,3.180000000000000159872115546022541821002960205078125,e4d60c4b-1234-5678-9012-f4d60c4b3333
05d9e9af-d5f4-4b3d-9b93-301fd50c2dd6,2026-04-03 21:06:14.390+0000,False,3.930000000000000159872115546022541821002960205078125,e4d60c4b-1234-5678-9012-f4d60c4b3333
05d9e9af-d5f4-4b3d-9b93-301fd50c2dd6,2026-04-04 21:06:14.390+0000,False,4.230000000000000426325641456060111522674560546875,e4d60c4b-1234-5678-9012-f4d60c4b3333
c2ea15dc-aef7-48e8-bb85-fdfb7fe6dfa3,2026-03-30 21:06:14.246+0000,True,8.4399999999999995026200849679298698902130126953125,e4d60c4b-1234-5678-9012-f4d60c4b3333
c2ea15dc-aef7-48e8-bb85-fdfb7fe6dfa3,2026-03-31 21:06:14.245+0000,False,10.57000000000000028421709430404007434844970703125,e4d60c4b-1234-5678-9012-f4d60c4b3333
c2ea15dc-aef7-48e8-bb85-fdfb7fe6dfa3,2026-04-01 21:06:14.245+0000,False,9.839999999999999857891452847979962825775146484375,e4d60c4b-1234-5678-9012-f4d60c4b3333
c2ea15dc-aef7-48e8-bb85-fdfb7fe6dfa3,2026-04-02 21:06:14.245+0000,False,10.5,e4d60c4b-1234-5678-9012-f4d60c4b3333
c2ea15dc-aef7-48e8-bb85-fdfb7fe6dfa3,2026-04-03 21:06:14.245+0000,False,9.7400000000000002131628207280300557613372802734375,e4d60c4b-1234-5678-9012-f4d60c4b3333
c2ea15dc-aef7-48e8-bb85-fdfb7fe6dfa3,2026-04-04 21:06:14.244+0000,True,8.089999999999999857891452847979962825775146484375,e4d60c4b-1234-5678-9012-f4d60c4b3333
da8a1593-65ea-4595-bf59-ec38fa228ab5,2026-03-29 21:06:14.141+0000,False,19.480000000000000426325641456060111522674560546875,e4d60c4b-1234-5678-9012-f4d60c4b3333
da8a1593-65ea-4595-bf59-ec38fa228ab5,2026-03-30 21:06:14.141+0000,False,18.8900000000000005684341886080801486968994140625,e4d60c4b-1234-5678-9012-f4d60c4b3333
da8a1593-65ea-4595-bf59-ec38fa228ab5,2026-03-31 21:06:14.141+0000,True,14.9700000000000006394884621840901672840118408203125,e4d60c4b-1234-5678-9012-f4d60c4b3333
da8a1593-65ea-4595-bf59-ec38fa228ab5,2026-04-01 21:06:14.141+0000,False,19.120000000000000994759830064140260219573974609375,e4d60c4b-1234-5678-9012-f4d60c4b3333
da8a1593-65ea-4595-bf59-ec38fa228ab5,2026-04-02 21:06:14.140+0000,False,19.0799999999999982946974341757595539093017578125,e4d60c4b-1234-5678-9012-f4d60c4b3333
da8a1593-65ea-4595-bf59-ec38fa228ab5,2026-04-03 21:06:14.140+0000,False,18.629999999999999005240169935859739780426025390625,e4d60c4b-1234-5678-9012-f4d60c4b3333
da8a1593-65ea-4595-bf59-ec38fa228ab5,2026-04-04 21:06:14.140+0000,True,15.2400000000000002131628207280300557613372802734375,e4d60c4b-1234-5678-9012-f4d60c4b3333
ae9fa833-062c-43cd-843f-5122701bce88,2026-03-30 21:06:14.316+0000,True,19.489999999999998436805981327779591083526611328125,e4d60c4b-1234-5678-9012-f4d60c4b3333
ae9fa833-062c-43cd-843f-5122701bce88,2026-03-31 21:06:14.316+0000,False,24.260000000000001563194018672220408916473388671875,e4d60c4b-1234-5678-9012-f4d60c4b3333
ae9fa833-062c-43cd-843f-5122701bce88,2026-04-01 21:06:14.316+0000,False,22.64999999999999857891452847979962825775146484375,e4d60c4b-1234-5678-9012-f4d60c4b3333
ae9fa833-062c-43cd-843f-5122701bce88,2026-04-02 21:06:14.315+0000,False,22.67999999999999971578290569595992565155029296875,e4d60c4b-1234-5678-9012-f4d60c4b3333
ae9fa833-062c-43cd-843f-5122701bce88,2026-04-03 21:06:14.315+0000,True,20.620000000000000994759830064140260219573974609375,e4d60c4b-1234-5678-9012-f4d60c4b3333
ae9fa833-062c-43cd-843f-5122701bce88,2026-04-04 21:06:14.315+0000,False,22.4200000000000017053025658242404460906982421875,e4d60c4b-1234-5678-9012-f4d60c4b3333
12e517db-ae33-4911-94e8-89a9dd65b5e6,2026-03-29 21:06:14.557+0000,True,18.03999999999999914734871708787977695465087890625,e4d60c4b-1234-5678-9012-f4d60c4b3333
12e517db-ae33-4911-94e8-89a9dd65b5e6,2026-03-30 21:06:14.557+0000,True,17.469999999999998863131622783839702606201171875,e4d60c4b-1234-5678-9012-f4d60c4b3333
12e517db-ae33-4911-94e8-89a9dd65b5e6,2026-03-31 21:06:14.556+0000,True,16.800000000000000710542735760100185871124267578125,e4d60c4b-1234-5678-9012-f4d60c4b3333
12e517db-ae33-4911-94e8-89a9dd65b5e6,2026-04-01 21:06:14.556+0000,False,21.730000000000000426325641456060111522674560546875,e4d60c4b-1234-5678-9012-f4d60c4b3333
12e517db-ae33-4911-94e8-89a9dd65b5e6,2026-04-02 21:06:14.556+0000,False,22.120000000000000994759830064140260219573974609375,e4d60c4b-1234-5678-9012-f4d60c4b3333
12e517db-ae33-4911-94e8-89a9dd65b5e6,2026-04-03 21:06:14.556+0000,False,21.280000000000001136868377216160297393798828125,e4d60c4b-1234-5678-9012-f4d60c4b3333
12e517db-ae33-4911-94e8-89a9dd65b5e6,2026-04-04 21:06:14.556+0000,False,22,e4d60c4b-1234-5678-9012-f4d60c4b3333
c915b1e7-a218-4fef-82f8-d215f5b45229,2026-03-29 21:06:14.389+0000,False,10.8900000000000005684341886080801486968994140625,e4d60c4b-1234-5678-9012-f4d60c4b3333
c915b1e7-a218-4fef-82f8-d215f5b45229,2026-03-30 21:06:14.389+0000,False,11.910000000000000142108547152020037174224853515625,e4d60c4b-1234-5678-9012-f4d60c4b3333
c915b1e7-a218-4fef-82f8-d215f5b45229,2026-03-31 21:06:14.388+0000,True,8.9199999999999999289457264239899814128875732421875,e4d60c4b-1234-5678-9012-f4d60c4b3333
c915b1e7-a218-4fef-82f8-d215f5b45229,2026-04-01 21:06:14.388+0000,False,11.449999999999999289457264239899814128875732421875,e4d60c4b-1234-5678-9012-f4d60c4b3333
c915b1e7-a218-4fef-82f8-d215f5b45229,2026-04-02 21:06:14.387+0000,False,10.8699999999999992184029906638897955417633056640625,e4d60c4b-1234-5678-9012-f4d60c4b3333
c915b1e7-a218-4fef-82f8-d215f5b45229,2026-04-03 21:06:14.387+0000,False,11.53999999999999914734871708787977695465087890625,e4d60c4b-1234-5678-9012-f4d60c4b3333
c915b1e7-a218-4fef-82f8-d215f5b45229,2026-04-04 21:06:14.387+0000,False,11.6899999999999995026200849679298698902130126953125,e4d60c4b-1234-5678-9012-f4d60c4b3333
b2ce73d5-ad42-4af0-b0f7-b1334b8c0992,2026-03-30 21:06:14.401+0000,False,17.219999999999998863131622783839702606201171875,e4d60c4b-1234-5678-9012-f4d60c4b3333
b2ce73d5-ad42-4af0-b0f7-b1334b8c0992,2026-03-31 21:06:14.401+0000,False,17.050000000000000710542735760100185871124267578125,e4d60c4b-1234-5678-9012-f4d60c4b3333
b2ce73d5-ad42-4af0-b0f7-b1334b8c0992,2026-04-01 21:06:14.401+0000,False,17.6099999999999994315658113919198513031005859375,e4d60c4b-1234-5678-9012-f4d60c4b3333
b2ce73d5-ad42-4af0-b0f7-b1334b8c0992,2026-04-02 21:06:14.401+0000,True,13.410000000000000142108547152020037174224853515625,e4d60c4b-1234-5678-9012-f4d60c4b3333
b2ce73d5-ad42-4af0-b0f7-b1334b8c0992,2026-04-03 21:06:14.401+0000,True,13.339999999999999857891452847979962825775146484375,e4d60c4b-1234-5678-9012-f4d60c4b3333
b2ce73d5-ad42-4af0-b0f7-b1334b8c0992,2026-04-04 21:06:14.401+0000,False,16.21000000000000085265128291212022304534912109375,e4d60c4b-1234-5678-9012-f4d60c4b3333
e978e5ec-099a-478e-b40a-1f13e015eabd,2026-03-29 21:06:14.493+0000,True,15.1199999999999992184029906638897955417633056640625,e4d60c4b-1234-5678-9012-f4d60c4b3333
e978e5ec-099a-478e-b40a-1f13e015eabd,2026-03-30 21:06:14.492+0000,False,16.780000000000001136868377216160297393798828125,e4d60c4b-1234-5678-9012-f4d60c4b3333
e978e5ec-099a-478e-b40a-1f13e015eabd,2026-03-31 21:06:14.492+0000,False,16.67999999999999971578290569595992565155029296875,e4d60c4b-1234-5678-9012-f4d60c4b3333
e978e5ec-099a-478e-b40a-1f13e015eabd,2026-04-01 21:06:14.492+0000,False,17.21000000000000085265128291212022304534912109375,e4d60c4b-1234-5678-9012-f4d60c4b3333
e978e5ec-099a-478e-b40a-1f13e015eabd,2026-04-02 21:06:14.492+0000,True,14.089999999999999857891452847979962825775146484375,e4d60c4b-1234-5678-9012-f4d60c4b3333
e978e5ec-099a-478e-b40a-1f13e015eabd,2026-04-03 21:06:14.492+0000,False,17.559999999999998721023075631819665431976318359375,e4d60c4b-1234-5678-9012-f4d60c4b3333
e978e5ec-099a-478e-b40a-1f13e015eabd,2026-04-04 21:06:14.492+0000,False,16.57000000000000028421709430404007434844970703125,e4d60c4b-1234-5678-9012-f4d60c4b3333
d3a46945-056d-4710-866d-be76ddec88e5,2026-03-30 21:06:14.392+0000,False,22.120000000000000994759830064140260219573974609375,e4d60c4b-1234-5678-9012-f4d60c4b3333
d3a46945-056d-4710-866d-be76ddec88e5,2026-03-31 21:06:14.392+0000,False,22.839999999999999857891452847979962825775146484375,e4d60c4b-1234-5678-9012-f4d60c4b3333
d3a46945-056d-4710-866d-be76ddec88e5,2026-04-01 21:06:14.392+0000,True,17.57000000000000028421709430404007434844970703125,e4d60c4b-1234-5678-9012-f4d60c4b3333
d3a46945-056d-4710-866d-be76ddec88e5,2026-04-02 21:06:14.392+0000,False,22.030000000000001136868377216160297393798828125,e4d60c4b-1234-5678-9012-f4d60c4b3333
d3a46945-056d-4710-866d-be76ddec88e5,2026-04-03 21:06:14.392+0000,True,17.64999999999999857891452847979962825775146484375,e4d60c4b-1234-5678-9012-f4d60c4b3333
d3a46945-056d-4710-866d-be76ddec88e5,2026-04-04 21:06:14.392+0000,False,21.5799999999999982946974341757595539093017578125,e4d60c4b-1234-5678-9012-f4d60c4b3333
6b66585a-e367-4eaa-a5b4-e68dbb672856,2026-03-31 21:06:14.140+0000,False,21.940000000000001278976924368180334568023681640625,e4d60c4b-1234-5678-9012-f4d60c4b3333
6b66585a-e367-4eaa-a5b4-e68dbb672856,2026-04-01 21:06:14.140+0000,False,20.53999999999999914734871708787977695465087890625,e4d60c4b-1234-5678-9012-f4d60c4b3333
6b66585a-e367-4eaa-a5b4-e68dbb672856,2026-04-02 21:06:14.140+0000,False,20.0799999999999982946974341757595539093017578125,e4d60c4b-1234-5678-9012-f4d60c4b3333
6b66585a-e367-4eaa-a5b4-e68dbb672856,2026-04-03 21:06:14.140+0000,True,17.190000000000001278976924368180334568023681640625,e4d60c4b-1234-5678-9012-f4d60c4b3333
6b66585a-e367-4eaa-a5b4-e68dbb672856,2026-04-04 21:06:14.139+0000,False,20.559999999999998721023075631819665431976318359375,e4d60c4b-1234-5678-9012-f4d60c4b3333
ba538a4a-46a9-499a-a75f-9a992c953fd4,2026-03-31 21:06:13.932+0000,False,14.4900000000000002131628207280300557613372802734375,e4d60c4b-1234-5678-9012-f4d60c4b3333
ba538a4a-46a9-499a-a75f-9a992c953fd4,2026-04-01 21:06:13.932+0000,False,14.5099999999999997868371792719699442386627197265625,e4d60c4b-1234-5678-9012-f4d60c4b3333
ba538a4a-46a9-499a-a75f-9a992c953fd4,2026-04-02 21:06:13.932+0000,False,14.7599999999999997868371792719699442386627197265625,e4d60c4b-1234-5678-9012-f4d60c4b3333
ba538a4a-46a9-499a-a75f-9a992c953fd4,2026-04-03 21:06:13.931+0000,False,13.46000000000000085265128291212022304534912109375,e4d60c4b-1234-5678-9012-f4d60c4b3333
ba538a4a-46a9-499a-a75f-9a992c953fd4,2026-04-04 21:06:13.931+0000,False,13.6300000000000007815970093361102044582366943359375,e4d60c4b-1234-5678-9012-f4d60c4b3333
034639a3-c67d-4266-9be9-d46bf41fdcf0,2026-03-30 21:06:14.490+0000,False,24.480000000000000426325641456060111522674560546875,e4d60c4b-1234-5678-9012-f4d60c4b3333
034639a3-c67d-4266-9be9-d46bf41fdcf0,2026-03-31 21:06:14.490+0000,False,26.030000000000001136868377216160297393798828125,e4d60c4b-1234-5678-9012-f4d60c4b3333
034639a3-c67d-4266-9be9-d46bf41fdcf0,2026-04-01 21:06:14.490+0000,False,25.769999999999999573674358543939888477325439453125,e4d60c4b-1234-5678-9012-f4d60c4b3333
034639a3-c67d-4266-9be9-d46bf41fdcf0,2026-04-02 21:06:14.490+0000,False,25.1400000000000005684341886080801486968994140625,e4d60c4b-1234-5678-9012-f4d60c4b3333
034639a3-c67d-4266-9be9-d46bf41fdcf0,2026-04-03 21:06:14.490+0000,False,25.1700000000000017053025658242404460906982421875,e4d60c4b-1234-5678-9012-f4d60c4b3333
034639a3-c67d-4266-9be9-d46bf41fdcf0,2026-04-04 21:06:14.490+0000,True,21.3299999999999982946974341757595539093017578125,e4d60c4b-1234-5678-9012-f4d60c4b3333
ac99fc60-1d83-4bb8-bfdc-1b7318c8978d,2026-03-30 21:06:14.120+0000,False,18.89999999999999857891452847979962825775146484375,e4d60c4b-1234-5678-9012-f4d60c4b3333
ac99fc60-1d83-4bb8-bfdc-1b7318c8978d,2026-03-31 21:06:14.120+0000,True,15.57000000000000028421709430404007434844970703125,e4d60c4b-1234-5678-9012-f4d60c4b3333
ac99fc60-1d83-4bb8-bfdc-1b7318c8978d,2026-04-01 21:06:14.120+0000,False,18.3900000000000005684341886080801486968994140625,e4d60c4b-1234-5678-9012-f4d60c4b3333
ac99fc60-1d83-4bb8-bfdc-1b7318c8978d,2026-04-02 21:06:14.120+0000,False,17.21000000000000085265128291212022304534912109375,e4d60c4b-1234-5678-9012-f4d60c4b3333
ac99fc60-1d83-4bb8-bfdc-1b7318c8978d,2026-04-03 21:06:14.119+0000,False,17.269999999999999573674358543939888477325439453125,e4d60c4b-1234-5678-9012-f4d60c4b3333
ac99fc60-1d83-4bb8-bfdc-1b7318c8978d,2026-04-04 21:06:14.119+0000,False,18.269999999999999573674358543939888477325439453125,e4d60c4b-1234-5678-9012-f4d60c4b3333
9f290f8f-fec5-4785-96e1-5597040b27ec,2026-03-30 21:06:14.312+0000,False,4.8300000000000000710542735760100185871124267578125,e4d60c4b-1234-5678-9012-f4d60c4b3333
9f290f8f-fec5-4785-96e1-5597040b27ec,2026-03-31 21:06:14.312+0000,False,4.660000000000000142108547152020037174224853515625,e4d60c4b-1234-5678-9012-f4d60c4b3333
9f290f8f-fec5-4785-96e1-5597040b27ec,2026-04-01 21:06:14.312+0000,True,3.6699999999999999289457264239899814128875732421875,e4d60c4b-1234-5678-9012-f4d60c4b3333
9f290f8f-fec5-4785-96e1-5597040b27ec,2026-04-02 21:06:14.312+0000,True,4.11000000000000031974423109204508364200592041015625,e4d60c4b-1234-5678-9012-f4d60c4b3333
9f290f8f-fec5-4785-96e1-5597040b27ec,2026-04-03 21:06:14.312+0000,False,4.82000000000000028421709430404007434844970703125,e4d60c4b-1234-5678-9012-f4d60c4b3333
9f290f8f-fec5-4785-96e1-5597040b27ec,2026-04-04 21:06:14.312+0000,False,4.79999999999999982236431605997495353221893310546875,e4d60c4b-1234-5678-9012-f4d60c4b3333
811485fc-5fea-4641-b301-369c32110ab8,2026-03-31 21:06:13.929+0000,False,7.37999999999999989341858963598497211933135986328125,e4d60c4b-1234-5678-9012-f4d60c4b3333
811485fc-5fea-4641-b301-369c32110ab8,2026-04-01 21:06:13.929+0000,False,7.019999999999999573674358543939888477325439453125,e4d60c4b-1234-5678-9012-f4d60c4b3333
811485fc-5fea-4641-b301-369c32110ab8,2026-04-02 21:06:13.928+0000,False,7.12000000000000010658141036401502788066864013671875,e4d60c4b-1234-5678-9012-f4d60c4b3333
811485fc-5fea-4641-b301-369c32110ab8,2026-04-03 21:06:13.928+0000,True,6.03000000000000024868995751603506505489349365234375,e4d60c4b-1234-5678-9012-f4d60c4b3333
811485fc-5fea-4641-b301-369c32110ab8,2026-04-04 21:06:13.928+0000,False,6.88999999999999968025576890795491635799407958984375,e4d60c4b-1234-5678-9012-f4d60c4b3333
9198554f-d2e4-4013-9cdd-7f4c712d87ec,2026-03-31 21:06:14.504+0000,True,13.5999999999999996447286321199499070644378662109375,e4d60c4b-1234-5678-9012-f4d60c4b3333
9198554f-d2e4-4013-9cdd-7f4c712d87ec,2026-04-01 21:06:14.504+0000,False,15.6199999999999992184029906638897955417633056640625,e4d60c4b-1234-5678-9012-f4d60c4b3333
9198554f-d2e4-4013-9cdd-7f4c712d87ec,2026-04-02 21:06:14.504+0000,True,12.1300000000000007815970093361102044582366943359375,e4d60c4b-1234-5678-9012-f4d60c4b3333
9198554f-d2e4-4013-9cdd-7f4c712d87ec,2026-04-03 21:06:14.503+0000,False,15.2799999999999993605115378159098327159881591796875,e4d60c4b-1234-5678-9012-f4d60c4b3333
9198554f-d2e4-4013-9cdd-7f4c712d87ec,2026-04-04 21:06:14.503+0000,True,13.9700000000000006394884621840901672840118408203125,e4d60c4b-1234-5678-9012-f4d60c4b3333
d5fc9b3a-7943-4ee2-8459-3fd2f22ac0fb,2026-03-31 21:06:14.502+0000,True,15.589999999999999857891452847979962825775146484375,e4d60c4b-1234-5678-9012-f4d60c4b3333
d5fc9b3a-7943-4ee2-8459-3fd2f22ac0fb,2026-04-01 21:06:14.502+0000,False,21.059999999999998721023075631819665431976318359375,e4d60c4b-1234-5678-9012-f4d60c4b3333
d5fc9b3a-7943-4ee2-8459-3fd2f22ac0fb,2026-04-02 21:06:14.502+0000,False,21.280000000000001136868377216160297393798828125,e4d60c4b-1234-5678-9012-f4d60c4b3333
d5fc9b3a-7943-4ee2-8459-3fd2f22ac0fb,2026-04-03 21:06:14.502+0000,True,17.940000000000001278976924368180334568023681640625,e4d60c4b-1234-5678-9012-f4d60c4b3333
d5fc9b3a-7943-4ee2-8459-3fd2f22ac0fb,2026-04-04 21:06:14.502+0000,False,20.300000000000000710542735760100185871124267578125,e4d60c4b-1234-5678-9012-f4d60c4b3333
81f00c45-688e-4800-a10d-f26305ccc7ee,2026-03-30 21:06:14.390+0000,False,7.96999999999999975131004248396493494510650634765625,e4d60c4b-1234-5678-9012-f4d60c4b3333
81f00c45-688e-4800-a10d-f26305ccc7ee,2026-03-31 21:06:14.390+0000,False,8.46000000000000085265128291212022304534912109375,e4d60c4b-1234-5678-9012-f4d60c4b3333
81f00c45-688e-4800-a10d-f26305ccc7ee,2026-04-01 21:06:14.389+0000,False,8,e4d60c4b-1234-5678-9012-f4d60c4b3333
81f00c45-688e-4800-a10d-f26305ccc7ee,2026-04-02 21:06:14.389+0000,False,8.269999999999999573674358543939888477325439453125,e4d60c4b-1234-5678-9012-f4d60c4b3333
81f00c45-688e-4800-a10d-f26305ccc7ee,2026-04-03 21:06:14.389+0000,False,7.82000000000000028421709430404007434844970703125,e4d60c4b-1234-5678-9012-f4d60c4b3333
81f00c45-688e-4800-a10d-f26305ccc7ee,2026-04-04 21:06:14.389+0000,True,6.3300000000000000710542735760100185871124267578125,e4d60c4b-1234-5678-9012-f4d60c4b3333
56697754-b660-4481-975e-a30c50944a57,2026-03-29 21:06:13.931+0000,False,17.309999999999998721023075631819665431976318359375,e4d60c4b-1234-5678-9012-f4d60c4b3333
56697754-b660-4481-975e-a30c50944a57,2026-03-30 21:06:13.931+0000,False,16.9200000000000017053025658242404460906982421875,e4d60c4b-1234-5678-9012-f4d60c4b3333
56697754-b660-4481-975e-a30c50944a57,2026-03-31 21:06:13.931+0000,True,13.730000000000000426325641456060111522674560546875,e4d60c4b-1234-5678-9012-f4d60c4b3333
56697754-b660-4481-975e-a30c50944a57,2026-04-01 21:06:13.931+0000,True,15.1099999999999994315658113919198513031005859375,e4d60c4b-1234-5678-9012-f4d60c4b3333
56697754-b660-4481-975e-a30c50944a57,2026-04-02 21:06:13.931+0000,True,13.4199999999999999289457264239899814128875732421875,e4d60c4b-1234-5678-9012-f4d60c4b3333
56697754-b660-4481-975e-a30c50944a57,2026-04-03 21:06:13.930+0000,False,17.64999999999999857891452847979962825775146484375,e4d60c4b-1234-5678-9012-f4d60c4b3333
56697754-b660-4481-975e-a30c50944a57,2026-04-04 21:06:13.930+0000,False,17.559999999999998721023075631819665431976318359375,e4d60c4b-1234-5678-9012-f4d60c4b3333
c207dfea-25f0-484c-8b28-92e4b7b87ae6,2026-03-29 21:06:14.500+0000,True,20.410000000000000142108547152020037174224853515625,e4d60c4b-1234-5678-9012-f4d60c4b3333
c207dfea-25f0-484c-8b28-92e4b7b87ae6,2026-03-30 21:06:14.500+0000,True,21.129999999999999005240169935859739780426025390625,e4d60c4b-1234-5678-9012-f4d60c4b3333
c207dfea-25f0-484c-8b28-92e4b7b87ae6,2026-03-31 21:06:14.500+0000,False,24.39999999999999857891452847979962825775146484375,e4d60c4b-1234-5678-9012-f4d60c4b3333
c207dfea-25f0-484c-8b28-92e4b7b87ae6,2026-04-01 21:06:14.499+0000,True,20.8599999999999994315658113919198513031005859375,e4d60c4b-1234-5678-9012-f4d60c4b3333
c207dfea-25f0-484c-8b28-92e4b7b87ae6,2026-04-02 21:06:14.499+0000,False,24.550000000000000710542735760100185871124267578125,e4d60c4b-1234-5678-9012-f4d60c4b3333
c207dfea-25f0-484c-8b28-92e4b7b87ae6,2026-04-03 21:06:14.499+0000,False,24.25,e4d60c4b-1234-5678-9012-f4d60c4b3333
c207dfea-25f0-484c-8b28-92e4b7b87ae6,2026-04-04 21:06:14.499+0000,False,25.21000000000000085265128291212022304534912109375,e4d60c4b-1234-5678-9012-f4d60c4b3333
b3557e63-4d10-4010-961a-c492500099ed,2026-03-29 21:06:14.131+0000,False,13.519999999999999573674358543939888477325439453125,e4d60c4b-1234-5678-9012-f4d60c4b3333
b3557e63-4d10-4010-961a-c492500099ed,2026-03-30 21:06:14.131+0000,True,11.4700000000000006394884621840901672840118408203125,e4d60c4b-1234-5678-9012-f4d60c4b3333
b3557e63-4d10-4010-961a-c492500099ed,2026-03-31 21:06:14.131+0000,True,11.8800000000000007815970093361102044582366943359375,e4d60c4b-1234-5678-9012-f4d60c4b3333
b3557e63-4d10-4010-961a-c492500099ed,2026-04-01 21:06:14.131+0000,False,13.5999999999999996447286321199499070644378662109375,e4d60c4b-1234-5678-9012-f4d60c4b3333
b3557e63-4d10-4010-961a-c492500099ed,2026-04-02 21:06:14.130+0000,False,13.800000000000000710542735760100185871124267578125,e4d60c4b-1234-5678-9012-f4d60c4b3333
b3557e63-4d10-4010-961a-c492500099ed,2026-04-03 21:06:14.130+0000,True,11.199999999999999289457264239899814128875732421875,e4d60c4b-1234-5678-9012-f4d60c4b3333
b3557e63-4d10-4010-961a-c492500099ed,2026-04-04 21:06:14.130+0000,True,11.8800000000000007815970093361102044582366943359375,e4d60c4b-1234-5678-9012-f4d60c4b3333
e72be74f-78f7-4f34-b096-d0c33397fcf5,2026-03-31 21:06:14.395+0000,True,12.7799999999999993605115378159098327159881591796875,e4d60c4b-1234-5678-9012-f4d60c4b3333
e72be74f-78f7-4f34-b096-d0c33397fcf5,2026-04-01 21:06:14.395+0000,False,14.9199999999999999289457264239899814128875732421875,e4d60c4b-1234-5678-9012-f4d60c4b3333
e72be74f-78f7-4f34-b096-d0c33397fcf5,2026-04-02 21:06:14.395+0000,False,14.6199999999999992184029906638897955417633056640625,e4d60c4b-1234-5678-9012-f4d60c4b3333
e72be74f-78f7-4f34-b096-d0c33397fcf5,2026-04-03 21:06:14.395+0000,False,14.949999999999999289457264239899814128875732421875,e4d60c4b-1234-5678-9012-f4d60c4b3333
e72be74f-78f7-4f34-b096-d0c33397fcf5,2026-04-04 21:06:14.395+0000,False,13.7799999999999993605115378159098327159881591796875,e4d60c4b-1234-5678-9012-f4d60c4b3333
5f926303-91b6-42b7-b5a8-6ef83cffe30c,2026-03-29 21:06:14.556+0000,False,14.8100000000000004973799150320701301097869873046875,e4d60c4b-1234-5678-9012-f4d60c4b3333
5f926303-91b6-42b7-b5a8-6ef83cffe30c,2026-03-30 21:06:14.556+0000,True,11.21000000000000085265128291212022304534912109375,e4d60c4b-1234-5678-9012-f4d60c4b3333
5f926303-91b6-42b7-b5a8-6ef83cffe30c,2026-03-31 21:06:14.555+0000,True,13.019999999999999573674358543939888477325439453125,e4d60c4b-1234-5678-9012-f4d60c4b3333
5f926303-91b6-42b7-b5a8-6ef83cffe30c,2026-04-01 21:06:14.555+0000,False,14.42999999999999971578290569595992565155029296875,e4d60c4b-1234-5678-9012-f4d60c4b3333
5f926303-91b6-42b7-b5a8-6ef83cffe30c,2026-04-02 21:06:14.555+0000,False,15.5299999999999993605115378159098327159881591796875,e4d60c4b-1234-5678-9012-f4d60c4b3333
5f926303-91b6-42b7-b5a8-6ef83cffe30c,2026-04-03 21:06:14.555+0000,False,14.8900000000000005684341886080801486968994140625,e4d60c4b-1234-5678-9012-f4d60c4b3333
5f926303-91b6-42b7-b5a8-6ef83cffe30c,2026-04-04 21:06:14.508+0000,False,15.5800000000000000710542735760100185871124267578125,e4d60c4b-1234-5678-9012-f4d60c4b3333
6eb14c35-0a4e-44f5-9142-1d397664564c,2026-03-29 21:06:14.403+0000,False,6.55999999999999960920149533194489777088165283203125,e4d60c4b-1234-5678-9012-f4d60c4b3333
6eb14c35-0a4e-44f5-9142-1d397664564c,2026-03-30 21:06:14.403+0000,False,6.80999999999999960920149533194489777088165283203125,e4d60c4b-1234-5678-9012-f4d60c4b3333
6eb14c35-0a4e-44f5-9142-1d397664564c,2026-03-31 21:06:14.403+0000,False,6.37000000000000010658141036401502788066864013671875,e4d60c4b-1234-5678-9012-f4d60c4b3333
6eb14c35-0a4e-44f5-9142-1d397664564c,2026-04-01 21:06:14.403+0000,False,6.38999999999999968025576890795491635799407958984375,e4d60c4b-1234-5678-9012-f4d60c4b3333
6eb14c35-0a4e-44f5-9142-1d397664564c,2026-04-02 21:06:14.403+0000,False,6.79000000000000003552713678800500929355621337890625,e4d60c4b-1234-5678-9012-f4d60c4b3333
6eb14c35-0a4e-44f5-9142-1d397664564c,2026-04-03 21:06:14.403+0000,True,5.4199999999999999289457264239899814128875732421875,e4d60c4b-1234-5678-9012-f4d60c4b3333
6eb14c35-0a4e-44f5-9142-1d397664564c,2026-04-04 21:06:14.403+0000,False,6.54999999999999982236431605997495353221893310546875,e4d60c4b-1234-5678-9012-f4d60c4b3333
962dd9b4-0be2-4b29-8c45-a3a1649f9a92,2026-03-31 21:06:14.323+0000,True,15.5099999999999997868371792719699442386627197265625,e4d60c4b-1234-5678-9012-f4d60c4b3333
962dd9b4-0be2-4b29-8c45-a3a1649f9a92,2026-04-01 21:06:14.322+0000,True,14.230000000000000426325641456060111522674560546875,e4d60c4b-1234-5678-9012-f4d60c4b3333
962dd9b4-0be2-4b29-8c45-a3a1649f9a92,2026-04-02 21:06:14.322+0000,False,17.96000000000000085265128291212022304534912109375,e4d60c4b-1234-5678-9012-f4d60c4b3333
962dd9b4-0be2-4b29-8c45-a3a1649f9a92,2026-04-03 21:06:14.322+0000,False,17.5,e4d60c4b-1234-5678-9012-f4d60c4b3333
962dd9b4-0be2-4b29-8c45-a3a1649f9a92,2026-04-04 21:06:14.322+0000,False,16.530000000000001136868377216160297393798828125,e4d60c4b-1234-5678-9012-f4d60c4b3333
de12e45b-fcfe-4d52-bb47-72f428d60fe0,2026-03-31 21:06:14.391+0000,False,16.760000000000001563194018672220408916473388671875,e4d60c4b-1234-5678-9012-f4d60c4b3333
de12e45b-fcfe-4d52-bb47-72f428d60fe0,2026-04-01 21:06:14.391+0000,False,16.269999999999999573674358543939888477325439453125,e4d60c4b-1234-5678-9012-f4d60c4b3333
de12e45b-fcfe-4d52-bb47-72f428d60fe0,2026-04-02 21:06:14.391+0000,False,16.14999999999999857891452847979962825775146484375,e4d60c4b-1234-5678-9012-f4d60c4b3333
de12e45b-fcfe-4d52-bb47-72f428d60fe0,2026-04-03 21:06:14.391+0000,False,15.92999999999999971578290569595992565155029296875,e4d60c4b-1234-5678-9012-f4d60c4b3333
de12e45b-fcfe-4d52-bb47-72f428d60fe0,2026-04-04 21:06:14.391+0000,True,12.92999999999999971578290569595992565155029296875,e4d60c4b-1234-5678-9012-f4d60c4b3333
d8f51b3e-684f-4732-9f01-a6f9f59bd457,2026-03-30 21:06:14.249+0000,True,14.1099999999999994315658113919198513031005859375,e4d60c4b-1234-5678-9012-f4d60c4b3333
d8f51b3e-684f-4732-9f01-a6f9f59bd457,2026-03-31 21:06:14.249+0000,False,16.8299999999999982946974341757595539093017578125,e4d60c4b-1234-5678-9012-f4d60c4b3333
d8f51b3e-684f-4732-9f01-a6f9f59bd457,2026-04-01 21:06:14.248+0000,False,16.870000000000000994759830064140260219573974609375,e4d60c4b-1234-5678-9012-f4d60c4b3333
d8f51b3e-684f-4732-9f01-a6f9f59bd457,2026-04-02 21:06:14.248+0000,True,12.9700000000000006394884621840901672840118408203125,e4d60c4b-1234-5678-9012-f4d60c4b3333
d8f51b3e-684f-4732-9f01-a6f9f59bd457,2026-04-03 21:06:14.248+0000,False,16.879999999999999005240169935859739780426025390625,e4d60c4b-1234-5678-9012-f4d60c4b3333
d8f51b3e-684f-4732-9f01-a6f9f59bd457,2026-04-04 21:06:14.248+0000,False,16.800000000000000710542735760100185871124267578125,e4d60c4b-1234-5678-9012-f4d60c4b3333
e02e62df-9f2e-4571-93e1-ad6bae674989,2026-03-31 21:06:14.130+0000,True,3.95999999999999996447286321199499070644378662109375,e4d60c4b-1234-5678-9012-f4d60c4b3333
e02e62df-9f2e-4571-93e1-ad6bae674989,2026-04-01 21:06:14.130+0000,False,4.8499999999999996447286321199499070644378662109375,e4d60c4b-1234-5678-9012-f4d60c4b3333
e02e62df-9f2e-4571-93e1-ad6bae674989,2026-04-02 21:06:14.130+0000,False,4.63999999999999968025576890795491635799407958984375,e4d60c4b-1234-5678-9012-f4d60c4b3333
e02e62df-9f2e-4571-93e1-ad6bae674989,2026-04-03 21:06:14.130+0000,False,5.03000000000000024868995751603506505489349365234375,e4d60c4b-1234-5678-9012-f4d60c4b3333
e02e62df-9f2e-4571-93e1-ad6bae674989,2026-04-04 21:06:14.130+0000,False,4.71999999999999975131004248396493494510650634765625,e4d60c4b-1234-5678-9012-f4d60c4b3333
832800a2-25e1-4e54-b7ce-28d6a5afaf78,2026-03-29 21:06:14.254+0000,False,21.480000000000000426325641456060111522674560546875,e4d60c4b-1234-5678-9012-f4d60c4b3333
832800a2-25e1-4e54-b7ce-28d6a5afaf78,2026-03-30 21:06:14.253+0000,False,21.480000000000000426325641456060111522674560546875,e4d60c4b-1234-5678-9012-f4d60c4b3333
832800a2-25e1-4e54-b7ce-28d6a5afaf78,2026-03-31 21:06:14.253+0000,False,19.800000000000000710542735760100185871124267578125,e4d60c4b-1234-5678-9012-f4d60c4b3333
832800a2-25e1-4e54-b7ce-28d6a5afaf78,2026-04-01 21:06:14.253+0000,False,20.260000000000001563194018672220408916473388671875,e4d60c4b-1234-5678-9012-f4d60c4b3333
832800a2-25e1-4e54-b7ce-28d6a5afaf78,2026-04-02 21:06:14.253+0000,False,21.0799999999999982946974341757595539093017578125,e4d60c4b-1234-5678-9012-f4d60c4b3333
832800a2-25e1-4e54-b7ce-28d6a5afaf78,2026-04-03 21:06:14.252+0000,True,17.469999999999998863131622783839702606201171875,e4d60c4b-1234-5678-9012-f4d60c4b3333
832800a2-25e1-4e54-b7ce-28d6a5afaf78,2026-04-04 21:06:14.252+0000,False,20.14999999999999857891452847979962825775146484375,e4d60c4b-1234-5678-9012-f4d60c4b3333
319de0dc-da81-446f-9890-aabfb7b3ac41,2026-03-31 21:06:14.235+0000,True,1.3200000000000000621724893790087662637233734130859375,e4d60c4b-1234-5678-9012-f4d60c4b3333
319de0dc-da81-446f-9890-aabfb7b3ac41,2026-04-01 21:06:14.235+0000,False,1.5900000000000000799360577730112709105014801025390625,e4d60c4b-1234-5678-9012-f4d60c4b3333
319de0dc-da81-446f-9890-aabfb7b3ac41,2026-04-02 21:06:14.234+0000,False,1.5500000000000000444089209850062616169452667236328125,e4d60c4b-1234-5678-9012-f4d60c4b3333
319de0dc-da81-446f-9890-aabfb7b3ac41,2026-04-03 21:06:14.234+0000,False,1.560000000000000053290705182007513940334320068359375,e4d60c4b-1234-5678-9012-f4d60c4b3333
319de0dc-da81-446f-9890-aabfb7b3ac41,2026-04-04 21:06:14.234+0000,False,1.5900000000000000799360577730112709105014801025390625,e4d60c4b-1234-5678-9012-f4d60c4b3333
2cb952b6-fba3-4df8-beb9-dbba033019ec,2026-03-31 21:06:13.919+0000,True,14.92999999999999971578290569595992565155029296875,e4d60c4b-1234-5678-9012-f4d60c4b3333
2cb952b6-fba3-4df8-beb9-dbba033019ec,2026-04-01 21:06:13.918+0000,False,19.910000000000000142108547152020037174224853515625,e4d60c4b-1234-5678-9012-f4d60c4b3333
2cb952b6-fba3-4df8-beb9-dbba033019ec,2026-04-02 21:06:13.918+0000,False,19.660000000000000142108547152020037174224853515625,e4d60c4b-1234-5678-9012-f4d60c4b3333
2cb952b6-fba3-4df8-beb9-dbba033019ec,2026-04-03 21:06:13.917+0000,True,15.839999999999999857891452847979962825775146484375,e4d60c4b-1234-5678-9012-f4d60c4b3333
2cb952b6-fba3-4df8-beb9-dbba033019ec,2026-04-04 21:06:13.917+0000,True,15.4700000000000006394884621840901672840118408203125,e4d60c4b-1234-5678-9012-f4d60c4b3333
63fa1e3a-1d32-4c75-882c-3747fd1f7eaf,2026-03-30 21:06:14.559+0000,False,2.470000000000000195399252334027551114559173583984375,e4d60c4b-1234-5678-9012-f4d60c4b3333
63fa1e3a-1d32-4c75-882c-3747fd1f7eaf,2026-03-31 21:06:14.559+0000,True,1.95999999999999996447286321199499070644378662109375,e4d60c4b-1234-5678-9012-f4d60c4b3333
63fa1e3a-1d32-4c75-882c-3747fd1f7eaf,2026-04-01 21:06:14.558+0000,True,2,e4d60c4b-1234-5678-9012-f4d60c4b3333
63fa1e3a-1d32-4c75-882c-3747fd1f7eaf,2026-04-02 21:06:14.558+0000,False,2.520000000000000017763568394002504646778106689453125,e4d60c4b-1234-5678-9012-f4d60c4b3333
63fa1e3a-1d32-4c75-882c-3747fd1f7eaf,2026-04-03 21:06:14.558+0000,False,2.5800000000000000710542735760100185871124267578125,e4d60c4b-1234-5678-9012-f4d60c4b3333
63fa1e3a-1d32-4c75-882c-3747fd1f7eaf,2026-04-04 21:06:14.558+0000,True,1.9899999999999999911182158029987476766109466552734375,e4d60c4b-1234-5678-9012-f4d60c4b3333
7e8d7de7-c100-4ff8-a5cf-d59f3a356c83,2026-03-30 21:06:14.318+0000,False,11.71000000000000085265128291212022304534912109375,e4d60c4b-1234-5678-9012-f4d60c4b3333
7e8d7de7-c100-4ff8-a5cf-d59f3a356c83,2026-03-31 21:06:14.318+0000,False,12.339999999999999857891452847979962825775146484375,e4d60c4b-1234-5678-9012-f4d60c4b3333
7e8d7de7-c100-4ff8-a5cf-d59f3a356c83,2026-04-01 21:06:14.318+0000,False,11.949999999999999289457264239899814128875732421875,e4d60c4b-1234-5678-9012-f4d60c4b3333
7e8d7de7-c100-4ff8-a5cf-d59f3a356c83,2026-04-02 21:06:14.318+0000,False,12.3100000000000004973799150320701301097869873046875,e4d60c4b-1234-5678-9012-f4d60c4b3333
7e8d7de7-c100-4ff8-a5cf-d59f3a356c83,2026-04-03 21:06:14.317+0000,True,10.71000000000000085265128291212022304534912109375,e4d60c4b-1234-5678-9012-f4d60c4b3333
7e8d7de7-c100-4ff8-a5cf-d59f3a356c83,2026-04-04 21:06:14.317+0000,True,10.1699999999999999289457264239899814128875732421875,e4d60c4b-1234-5678-9012-f4d60c4b3333
d474fcf5-447e-469f-b9ab-c4093b2daa3b,2026-03-30 21:06:14.328+0000,True,18.35000000000000142108547152020037174224853515625,e4d60c4b-1234-5678-9012-f4d60c4b3333
d474fcf5-447e-469f-b9ab-c4093b2daa3b,2026-03-31 21:06:14.328+0000,False,22.809999999999998721023075631819665431976318359375,e4d60c4b-1234-5678-9012-f4d60c4b3333
d474fcf5-447e-469f-b9ab-c4093b2daa3b,2026-04-01 21:06:14.327+0000,False,21.3299999999999982946974341757595539093017578125,e4d60c4b-1234-5678-9012-f4d60c4b3333
d474fcf5-447e-469f-b9ab-c4093b2daa3b,2026-04-02 21:06:14.327+0000,False,21.6400000000000005684341886080801486968994140625,e4d60c4b-1234-5678-9012-f4d60c4b3333
d474fcf5-447e-469f-b9ab-c4093b2daa3b,2026-04-03 21:06:14.327+0000,False,21.629999999999999005240169935859739780426025390625,e4d60c4b-1234-5678-9012-f4d60c4b3333
d474fcf5-447e-469f-b9ab-c4093b2daa3b,2026-04-04 21:06:14.327+0000,False,22.730000000000000426325641456060111522674560546875,e4d60c4b-1234-5678-9012-f4d60c4b3333
fb1800e5-684d-4849-9378-fa0f2ed4c338,2026-03-30 21:06:13.927+0000,False,11.1500000000000003552713678800500929355621337890625,e4d60c4b-1234-5678-9012-f4d60c4b3333
fb1800e5-684d-4849-9378-fa0f2ed4c338,2026-03-31 21:06:13.927+0000,False,10.71000000000000085265128291212022304534912109375,e4d60c4b-1234-5678-9012-f4d60c4b3333
fb1800e5-684d-4849-9378-fa0f2ed4c338,2026-04-01 21:06:13.927+0000,False,11.1899999999999995026200849679298698902130126953125,e4d60c4b-1234-5678-9012-f4d60c4b3333
fb1800e5-684d-4849-9378-fa0f2ed4c338,2026-04-02 21:06:13.927+0000,False,10.5999999999999996447286321199499070644378662109375,e4d60c4b-1234-5678-9012-f4d60c4b3333
fb1800e5-684d-4849-9378-fa0f2ed4c338,2026-04-03 21:06:13.927+0000,False,11.1899999999999995026200849679298698902130126953125,e4d60c4b-1234-5678-9012-f4d60c4b3333
fb1800e5-684d-4849-9378-fa0f2ed4c338,2026-04-04 21:06:13.927+0000,False,10.75,e4d60c4b-1234-5678-9012-f4d60c4b3333
430a7305-4752-4fe3-9cdc-fe597f952aa6,2026-03-29 21:06:14.255+0000,True,9.6899999999999995026200849679298698902130126953125,e4d60c4b-1234-5678-9012-f4d60c4b3333
430a7305-4752-4fe3-9cdc-fe597f952aa6,2026-03-30 21:06:14.255+0000,False,11.6400000000000005684341886080801486968994140625,e4d60c4b-1234-5678-9012-f4d60c4b3333
430a7305-4752-4fe3-9cdc-fe597f952aa6,2026-03-31 21:06:14.255+0000,False,10.9700000000000006394884621840901672840118408203125,e4d60c4b-1234-5678-9012-f4d60c4b3333
430a7305-4752-4fe3-9cdc-fe597f952aa6,2026-04-01 21:06:14.255+0000,False,10.660000000000000142108547152020037174224853515625,e4d60c4b-1234-5678-9012-f4d60c4b3333
430a7305-4752-4fe3-9cdc-fe597f952aa6,2026-04-02 21:06:14.255+0000,False,11.019999999999999573674358543939888477325439453125,e4d60c4b-1234-5678-9012-f4d60c4b3333
430a7305-4752-4fe3-9cdc-fe597f952aa6,2026-04-03 21:06:14.254+0000,False,10.839999999999999857891452847979962825775146484375,e4d60c4b-1234-5678-9012-f4d60c4b3333
430a7305-4752-4fe3-9cdc-fe597f952aa6,2026-04-04 21:06:14.254+0000,False,10.8699999999999992184029906638897955417633056640625,e4d60c4b-1234-5678-9012-f4d60c4b3333
e6607299-0ad2-4ae9-9778-8e3550709cbe,2026-03-29 21:06:13.921+0000,True,19,e4d60c4b-1234-5678-9012-f4d60c4b3333
e6607299-0ad2-4ae9-9778-8e3550709cbe,2026-03-30 21:06:13.921+0000,True,19.57000000000000028421709430404007434844970703125,e4d60c4b-1234-5678-9012-f4d60c4b3333
e6607299-0ad2-4ae9-9778-8e3550709cbe,2026-03-31 21:06:13.920+0000,False,22.3299999999999982946974341757595539093017578125,e4d60c4b-1234-5678-9012-f4d60c4b3333
e6607299-0ad2-4ae9-9778-8e3550709cbe,2026-04-01 21:06:13.920+0000,False,23.03999999999999914734871708787977695465087890625,e4d60c4b-1234-5678-9012-f4d60c4b3333
e6607299-0ad2-4ae9-9778-8e3550709cbe,2026-04-02 21:06:13.920+0000,False,21.489999999999998436805981327779591083526611328125,e4d60c4b-1234-5678-9012-f4d60c4b3333
e6607299-0ad2-4ae9-9778-8e3550709cbe,2026-04-03 21:06:13.919+0000,False,21.8599999999999994315658113919198513031005859375,e4d60c4b-1234-5678-9012-f4d60c4b3333
e6607299-0ad2-4ae9-9778-8e3550709cbe,2026-04-04 21:06:13.919+0000,False,21.42999999999999971578290569595992565155029296875,e4d60c4b-1234-5678-9012-f4d60c4b3333
0f4de78a-46ef-45dc-9067-ff4157c3beb5,2026-03-29 21:06:14.400+0000,False,7.160000000000000142108547152020037174224853515625,e4d60c4b-1234-5678-9012-f4d60c4b3333
0f4de78a-46ef-45dc-9067-ff4157c3beb5,2026-03-30 21:06:14.400+0000,False,7.17999999999999971578290569595992565155029296875,e4d60c4b-1234-5678-9012-f4d60c4b3333
0f4de78a-46ef-45dc-9067-ff4157c3beb5,2026-03-31 21:06:14.400+0000,False,7.6699999999999999289457264239899814128875732421875,e4d60c4b-1234-5678-9012-f4d60c4b3333
0f4de78a-46ef-45dc-9067-ff4157c3beb5,2026-04-01 21:06:14.400+0000,True,6.12000000000000010658141036401502788066864013671875,e4d60c4b-1234-5678-9012-f4d60c4b3333
0f4de78a-46ef-45dc-9067-ff4157c3beb5,2026-04-02 21:06:14.400+0000,False,7.79000000000000003552713678800500929355621337890625,e4d60c4b-1234-5678-9012-f4d60c4b3333
0f4de78a-46ef-45dc-9067-ff4157c3beb5,2026-04-03 21:06:14.400+0000,True,6.44000000000000039079850466805510222911834716796875,e4d60c4b-1234-5678-9012-f4d60c4b3333
0f4de78a-46ef-45dc-9067-ff4157c3beb5,2026-04-04 21:06:14.400+0000,False,7.660000000000000142108547152020037174224853515625,e4d60c4b-1234-5678-9012-f4d60c4b3333
e19e512a-ba1d-4fa7-bc5a-1a309eceb384,2026-03-29 21:06:14.320+0000,False,8.300000000000000710542735760100185871124267578125,e4d60c4b-1234-5678-9012-f4d60c4b3333
e19e512a-ba1d-4fa7-bc5a-1a309eceb384,2026-03-30 21:06:14.320+0000,True,6.62000000000000010658141036401502788066864013671875,e4d60c4b-1234-5678-9012-f4d60c4b3333
e19e512a-ba1d-4fa7-bc5a-1a309eceb384,2026-03-31 21:06:14.320+0000,False,7.6500000000000003552713678800500929355621337890625,e4d60c4b-1234-5678-9012-f4d60c4b3333
e19e512a-ba1d-4fa7-bc5a-1a309eceb384,2026-04-01 21:06:14.320+0000,True,6.6699999999999999289457264239899814128875732421875,e4d60c4b-1234-5678-9012-f4d60c4b3333
e19e512a-ba1d-4fa7-bc5a-1a309eceb384,2026-04-02 21:06:14.320+0000,False,8.1300000000000007815970093361102044582366943359375,e4d60c4b-1234-5678-9012-f4d60c4b3333
e19e512a-ba1d-4fa7-bc5a-1a309eceb384,2026-04-03 21:06:14.320+0000,False,8.0099999999999997868371792719699442386627197265625,e4d60c4b-1234-5678-9012-f4d60c4b3333
e19e512a-ba1d-4fa7-bc5a-1a309eceb384,2026-04-04 21:06:14.319+0000,False,7.980000000000000426325641456060111522674560546875,e4d60c4b-1234-5678-9012-f4d60c4b3333
3718e620-5bed-43e3-85d3-147759b88a82,2026-03-29 21:06:13.934+0000,False,23.010000000000001563194018672220408916473388671875,e4d60c4b-1234-5678-9012-f4d60c4b3333
3718e620-5bed-43e3-85d3-147759b88a82,2026-03-30 21:06:13.934+0000,False,24.32000000000000028421709430404007434844970703125,e4d60c4b-1234-5678-9012-f4d60c4b3333
3718e620-5bed-43e3-85d3-147759b88a82,2026-03-31 21:06:13.934+0000,True,18.25,e4d60c4b-1234-5678-9012-f4d60c4b3333
3718e620-5bed-43e3-85d3-147759b88a82,2026-04-01 21:06:13.934+0000,True,19.71000000000000085265128291212022304534912109375,e4d60c4b-1234-5678-9012-f4d60c4b3333
3718e620-5bed-43e3-85d3-147759b88a82,2026-04-02 21:06:13.934+0000,False,24.67999999999999971578290569595992565155029296875,e4d60c4b-1234-5678-9012-f4d60c4b3333
3718e620-5bed-43e3-85d3-147759b88a82,2026-04-03 21:06:13.933+0000,False,24.5,e4d60c4b-1234-5678-9012-f4d60c4b3333
3718e620-5bed-43e3-85d3-147759b88a82,2026-04-04 21:06:13.933+0000,False,23.760000000000001563194018672220408916473388671875,e4d60c4b-1234-5678-9012-f4d60c4b3333
fbc3146e-7e57-4ea3-bb00-32794990cd9d,2026-03-31 21:06:14.562+0000,False,11.1400000000000005684341886080801486968994140625,e4d60c4b-1234-5678-9012-f4d60c4b3333
fbc3146e-7e57-4ea3-bb00-32794990cd9d,2026-04-01 21:06:14.562+0000,False,11.3300000000000000710542735760100185871124267578125,e4d60c4b-1234-5678-9012-f4d60c4b3333
fbc3146e-7e57-4ea3-bb00-32794990cd9d,2026-04-02 21:06:14.562+0000,True,9.07000000000000028421709430404007434844970703125,e4d60c4b-1234-5678-9012-f4d60c4b3333
fbc3146e-7e57-4ea3-bb00-32794990cd9d,2026-04-03 21:06:14.562+0000,False,12.230000000000000426325641456060111522674560546875,e4d60c4b-1234-5678-9012-f4d60c4b3333
fbc3146e-7e57-4ea3-bb00-32794990cd9d,2026-04-04 21:06:14.562+0000,False,12.2200000000000006394884621840901672840118408203125,e4d60c4b-1234-5678-9012-f4d60c4b3333
9705f024-44dd-4117-87a8-03eed1b1ce8e,2026-03-29 21:06:14.497+0000,False,12.699999999999999289457264239899814128875732421875,e4d60c4b-1234-5678-9012-f4d60c4b3333
9705f024-44dd-4117-87a8-03eed1b1ce8e,2026-03-30 21:06:14.497+0000,False,12.339999999999999857891452847979962825775146484375,e4d60c4b-1234-5678-9012-f4d60c4b3333
9705f024-44dd-4117-87a8-03eed1b1ce8e,2026-03-31 21:06:14.497+0000,False,12.3499999999999996447286321199499070644378662109375,e4d60c4b-1234-5678-9012-f4d60c4b3333
9705f024-44dd-4117-87a8-03eed1b1ce8e,2026-04-01 21:06:14.497+0000,False,11.699999999999999289457264239899814128875732421875,e4d60c4b-1234-5678-9012-f4d60c4b3333
9705f024-44dd-4117-87a8-03eed1b1ce8e,2026-04-02 21:06:14.497+0000,False,11.9199999999999999289457264239899814128875732421875,e4d60c4b-1234-5678-9012-f4d60c4b3333
9705f024-44dd-4117-87a8-03eed1b1ce8e,2026-04-03 21:06:14.496+0000,True,10.5,e4d60c4b-1234-5678-9012-f4d60c4b3333
9705f024-44dd-4117-87a8-03eed1b1ce8e,2026-04-04 21:06:14.496+0000,False,12.0999999999999996447286321199499070644378662109375,e4d60c4b-1234-5678-9012-f4d60c4b3333
4b8cdbf4-6dd1-4f87-b958-272e70065efb,2026-03-31 21:06:14.504+0000,False,24.3900000000000005684341886080801486968994140625,e4d60c4b-1234-5678-9012-f4d60c4b3333
4b8cdbf4-6dd1-4f87-b958-272e70065efb,2026-04-01 21:06:14.504+0000,True,19.379999999999999005240169935859739780426025390625,e4d60c4b-1234-5678-9012-f4d60c4b3333
4b8cdbf4-6dd1-4f87-b958-272e70065efb,2026-04-02 21:06:14.504+0000,False,22.25,e4d60c4b-1234-5678-9012-f4d60c4b3333
4b8cdbf4-6dd1-4f87-b958-272e70065efb,2026-04-03 21:06:14.504+0000,True,18.519999999999999573674358543939888477325439453125,e4d60c4b-1234-5678-9012-f4d60c4b3333
4b8cdbf4-6dd1-4f87-b958-272e70065efb,2026-04-04 21:06:14.504+0000,False,24.449999999999999289457264239899814128875732421875,e4d60c4b-1234-5678-9012-f4d60c4b3333
